Date,Carrier,Qty,Monthly Recurring Charges,Annual Saving
2024-07-28,AT&T United States,2,104.37,1252.44
2024-07-28,T-Mobile United States,6,242.29,2907.48
2024-07-28,Rogers Canada,1,40.64,487.68
2024-08-28,AT&T United States,4,167.87,2014.44
2024-09-28,Verizon United States,6,283.25,3399
2024-09-28,AT&T United States,7,338.33,4059.96
2024-09-28,T-Mobile United States,2,88.52,1062.24
2024-09-28,Bell Canada,9,430.85,5170.2
2024-09-28,Rogers Canada,8,337.29,4047.48
2024-10-28,Verizon United States,8,406.32,4875.84
2024-10-28,AT&T United States,7,295.72,3548.64
2024-10-28,T-Mobile United States,6,316.14,3793.68
2024-11-28,Verizon United States,4,208.32,2499.84
2024-11-28,AT&T United States,9,469.04,5628.48
2024-11-28,T-Mobile United States,3,128.57,1542.84
2024-11-28,Bell Canada,4,196.39,2356.68
2024-12-28,Verizon United States,7,357.52,4290.24
2024-12-28,T-Mobile United States,7,307.55,3690.6
2024-12-28,Bell Canada,9,422.53,5070.36
2024-12-28,Rogers Canada,3,154.51,1854.12
2025-01-28,Verizon United States,3,160.49,1925.88
2025-01-28,AT&T United States,6,263.43,3161.16
2025-01-28,Bell Canada,5,236.29,2835.48
2025-01-28,Rogers Canada,1,44.88,538.56
2025-02-28,T-Mobile United States,9,392.55,4710.6
2025-02-28,Bell Canada,1,48.24,578.88
2025-02-28,Rogers Canada,8,435.24,5222.88
2025-03-28,AT&T United States,4,215.55,2586.6
2025-04-28,Verizon United States,4,204.46,2453.52
2025-05-28,Verizon United States,9,434.34,5212.08
2025-05-28,AT&T United States,3,134.63,1615.56
2025-05-28,T-Mobile United States,4,207.36,2488.32
2025-05-28,Rogers Canada,6,290.03,3480.36
2025-06-28,AT&T United States,8,346.26,4155.12
2025-06-28,Bell Canada,1,48.57,582.84
2025-06-28,Rogers Canada,5,243.32,2919.84
2025-07-28,Verizon United States,8,392.43,4709.16
2025-07-28,T-Mobile United States,1,42.8,513.6
2025-07-28,Bell Canada,2,84.86,1018.32
2025-07-28,Rogers Canada,8,411.17,4934.04
2025-08-28,T-Mobile United States,9,487.68,5852.16
2025-08-28,Bell Canada,3,126.72,1520.64
2025-09-28,Verizon United States,1,48.22,578.64
2025-09-28,AT&T United States,1,43.98,527.76
2025-09-28,T-Mobile United States,8,382.23,4586.76
2025-09-28,Bell Canada,8,361.92,4343.04
2025-09-28,Rogers Canada,6,300.06,3600.72
2025-10-28,Verizon United States,1,51.98,623.76
2025-10-28,Rogers Canada,1,44.17,530.04
2025-11-28,Verizon United States,6,249.85,2998.2
2025-11-28,AT&T United States,3,162.93,1955.16
2025-11-28,Bell Canada,2,80.69,968.28
2025-11-28,Rogers Canada,3,155.06,1860.72
2025-12-28,AT&T United States,4,188.68,2264.16
2025-12-28,Rogers Canada,4,214.7,2576.4
2026-01-28,Verizon United States,8,331.15,3973.8
2026-01-28,T-Mobile United States,1,49.5,594
2026-01-28,Rogers Canada,3,125.31,1503.72
2026-02-28,Verizon United States,3,122.41,1468.92
2026-02-28,Bell Canada,2,91.48,1097.76
2026-02-28,Rogers Canada,3,121.88,1462.56
2026-04-28,Verizon United States,5,242.89,2914.68
2026-04-28,AT&T United States,6,258.76,3105.12
2026-04-28,T-Mobile United States,3,140.49,1685.88
2026-05-28,AT&T United States,2,88.53,1062.36
2026-06-28,Verizon United States,6,328.38,3940.56
2026-06-28,AT&T United States,5,228.17,2738.04
2026-06-28,T-Mobile United States,4,202.04,2424.48
2026-06-28,Bell Canada,6,304.94,3659.28
2026-07-28,Verizon United States,4,202.94,2435.28
2026-07-28,AT&T United States,6,251.54,3018.48
2026-07-28,Bell Canada,1,51.65,619.8
2026-07-28,Rogers Canada,8,334.24,4010.88
2026-08-28,Verizon United States,9,409.5,4914
2026-08-28,AT&T United States,3,129.54,1554.48
2026-08-28,T-Mobile United States,2,106.64,1279.68
2026-08-28,Rogers Canada,8,431.62,5179.44
