Activity Number,Type, Name,Carrier,Deadline,Decision
3200000,Upgrade,Robert Williams,Rogers Canada,2025-01-14,Approve
3200001,Upgrade,Betty Robinson,Verizon United States,2026-08-31,Approve
3200002,Upgrade,Stephanie Lee,AT&T United States,2026-01-14,Reject
3200003,Upgrade,Joshua Kim,Verizon United States,2024-07-28,Approve
3200004,Upgrade,Olga Nguyen,Verizon United States,2025-03-30,Approve
3200005,Upgrade,Robert Nguyen,AT&T United States,2026-05-13,Reject
3200006,Upgrade,Wei Rivera,AT&T United States,2026-01-22,Approve
3200007,Upgrade,Joseph Sanchez,Verizon United States,2025-03-13,Approve
3200008,Upgrade,Jessica Martinez,AT&T United States,2025-04-26,Reject
3200009,Upgrade,Olga Baker,Verizon United States,2025-03-06,Approve
3200010,Upgrade,Susan Adams,Bell Canada,2024-08-08,Reject
3200011,Upgrade,Jessica Martinez,T-Mobile United States,2025-08-06,Reject
3200012,Upgrade,Jessica Anderson,Verizon United States,2024-12-04,Approve
3200013,Upgrade,Thomas Brown,Verizon United States,2025-12-08,Approve
3200014,Upgrade,Nancy Singh,Verizon United States,2024-09-09,Approve
3200015,Upgrade,Anthony Taylor,AT&T United States,2025-01-26,Approve
3200016,Upgrade,Olga Anderson,Verizon United States,2024-06-09,Approve
3200017,Upgrade,Richard Wright,AT&T United States,2026-04-09,Approve
3200018,Upgrade,Yuki Thomas,AT&T United States,2025-08-13,Approve
3200019,Upgrade,Zoe Torres,AT&T United States,2024-10-17,Reject
3200020,Upgrade,Liam Hall,AT&T United States,2026-07-08,Reject
3200021,Upgrade,John Nelson,Verizon United States,2026-03-14,Approve
3200022,Upgrade,Zoe Carter,Rogers Canada,2025-11-03,Reject
3200023,Upgrade,Lisa Carter,AT&T United States,2025-09-25,Approve
3200024,Upgrade,Patricia Smith,Rogers Canada,2024-10-18,Approve
3200025,Upgrade,Michael Carter,AT&T United States,2026-05-25,Approve
3200026,Upgrade,Michael King,Bell Canada,2026-06-23,Approve
3200027,Upgrade,Jennifer Sanchez,AT&T United States,2026-06-10,Approve
3200028,Upgrade,Steven Williams,Verizon United States,2025-02-07,Approve
3200029,Upgrade,Stephanie Lee,Verizon United States,2024-06-15,Approve
3200030,Upgrade,Susan Ramirez,Verizon United States,2024-11-20,Reject
3200031,Upgrade,Paul Johnson,T-Mobile United States,2026-04-16,Approve
3200032,Upgrade,Wei Jones,AT&T United States,2026-07-13,Approve
3200033,Upgrade,Mark Perez,AT&T United States,2025-05-26,Reject
3200034,Upgrade,Jessica Martin,Verizon United States,2025-11-10,Approve
3200035,Upgrade,Nancy Robinson,Verizon United States,2025-03-08,
3200036,Upgrade,Brian Sanchez,AT&T United States,2025-04-13,Approve
3200037,Upgrade,Michelle King,Verizon United States,2024-08-06,Approve
3200038,Upgrade,John Nelson,AT&T United States,2026-03-14,Approve
3200039,Upgrade,Noah Torres,Verizon United States,2026-03-01,Reject
3200040,Upgrade,Mia Taylor,Verizon United States,2024-08-17,Approve
3200041,Upgrade,Jennifer Lee,Verizon United States,2024-12-22,Approve
3200042,Upgrade,Robert Anderson,Verizon United States,2026-01-13,Approve
3200043,Upgrade,Raj Flores,AT&T United States,2025-06-27,Approve
3200044,Upgrade,Joseph Hill,AT&T United States,2026-08-03,Approve
3200045,Upgrade,David Thompson,AT&T United States,2024-09-04,Approve
3200046,Upgrade,Liam Lee,Bell Canada,2025-12-07,Approve
3200047,Upgrade,Sandra Rodriguez,Verizon United States,2026-08-22,Approve
3200048,Upgrade,Lisa Lewis,AT&T United States,2026-03-09,Approve
3200049,Upgrade,Hiroshi Lee,Verizon United States,2024-11-29,Approve
3200050,Upgrade,Liam Thomas,Verizon United States,2026-09-04,Approve
3200051,Upgrade,Noah Carter,Rogers Canada,2025-01-30,Approve
3200052,Upgrade,Susan Adams,T-Mobile United States,2026-06-26,Approve
3200053,Upgrade,Karen Campbell,Verizon United States,2025-11-02,Approve
3200054,Upgrade,Linda Torres,AT&T United States,2025-02-11,Approve
3200055,Upgrade,Brian King,Verizon United States,2025-05-18,
3200056,Upgrade,David Williams,Verizon United States,2026-09-19,Approve
3200057,Upgrade,Sarah Wright,T-Mobile United States,2026-07-18,Approve
3200058,Upgrade,Mark Lopez,Bell Canada,2025-06-18,Reject
3200059,Upgrade,Liam Thomas,Bell Canada,2024-06-09,Approve
3200060,Upgrade,Joshua Kim,Verizon United States,2025-08-07,Approve
3200061,Upgrade,Nancy Hernandez,Verizon United States,2025-09-25,Approve
3200062,Upgrade,Emily Green,T-Mobile United States,2025-12-15,Approve
3200063,Upgrade,Nancy Jackson,Verizon United States,2025-05-15,Approve
3200064,Upgrade,Priya Wright,AT&T United States,2025-03-09,Approve
3200065,Upgrade,Melissa Garcia,AT&T United States,2025-11-11,Approve
3200066,Upgrade,Ethan Roberts,AT&T United States,2026-01-15,Approve
3200067,Upgrade,Mateo Flores,AT&T United States,2026-03-20,
3200068,Upgrade,Chloe Hall,Verizon United States,2024-08-27,Approve
3200069,Upgrade,Mateo Rodriguez,Verizon United States,2026-07-17,Approve
3200070,Upgrade,Mark Martinez,T-Mobile United States,2025-07-07,Approve
3200071,Upgrade,James Wilson,AT&T United States,2024-06-01,Approve
3200072,Upgrade,Carlos Martin,Verizon United States,2024-06-21,Approve
3200073,Upgrade,Paul Rivera,Rogers Canada,2026-06-11,Approve
3200074,Upgrade,Daniel Lopez,AT&T United States,2025-06-12,Approve
3200075,Upgrade,Hiroshi Brown,Verizon United States,2025-05-02,
3200076,Upgrade,Ethan Flores,Bell Canada,2024-06-18,Approve
3200077,Upgrade,Sandra Garcia,Verizon United States,2026-01-12,Approve
3200078,Upgrade,Chloe Novak,Bell Canada,2024-10-17,Approve
3200079,Upgrade,Anthony Baker,AT&T United States,2026-08-24,Approve
3200080,Upgrade,David Nelson,Bell Canada,2025-05-06,Approve
3200081,Upgrade,Joseph Roy,AT&T United States,2025-05-05,Reject
3200082,Upgrade,Jennifer Hernandez,T-Mobile United States,2026-05-24,Approve
3200083,Upgrade,Mia Brown,AT&T United States,2026-09-29,
3200084,Upgrade,Karen Campbell,AT&T United States,2026-07-19,Approve
3200085,Upgrade,Anthony Taylor,AT&T United States,2026-07-17,Reject
3200086,Upgrade,David Thomas,T-Mobile United States,2024-12-18,Approve
3200087,Upgrade,Raj Thomas,Bell Canada,2024-08-26,
3200088,Upgrade,Joshua Kim,Verizon United States,2024-10-23,Approve
3200089,Upgrade,Olga Taylor,AT&T United States,2026-09-04,Approve
3200090,Upgrade,Jessica Mitchell,AT&T United States,2025-10-29,Approve
3200091,Upgrade,John Thomas,Verizon United States,2025-11-19,Approve
3200092,Upgrade,Michelle Robinson,Verizon United States,2025-07-30,Reject
3200093,Upgrade,Richard Kim,Verizon United States,2025-04-08,Approve
3200094,Upgrade,Paul Johnson,Verizon United States,2025-11-03,Approve
3200095,Upgrade,James Scott,Verizon United States,2025-12-03,Reject
3200096,Upgrade,Ashley Thomas,AT&T United States,2025-08-25,Approve
3200097,Upgrade,Ahmed Novak,Verizon United States,2025-01-12,Reject
3200098,Upgrade,James Clark,AT&T United States,2025-06-01,Reject
3200099,Upgrade,Ahmed Moore,AT&T United States,2024-10-18,Reject
3200100,Upgrade,Ashley Miller,Bell Canada,2026-05-15,Approve
3200101,Upgrade,Sandra Scott,Rogers Canada,2026-02-10,Approve
3200102,Upgrade,Nancy Chen,Rogers Canada,2025-06-19,Approve
3200103,Upgrade,Fatima Martinez,Bell Canada,2025-10-28,Approve
3200104,Upgrade,Karen Singh,Rogers Canada,2025-08-31,Approve
3200105,Upgrade,Betty White,AT&T United States,2026-08-12,Approve
3200106,Upgrade,Thomas Perez,Verizon United States,2025-03-16,
3200107,Upgrade,Wei Jones,AT&T United States,2025-10-05,Approve
3200108,Upgrade,Andrew Martinez,T-Mobile United States,2025-05-26,Approve
3200109,Upgrade,Kevin Thomas,AT&T United States,2026-07-25,Approve
3200110,Upgrade,Richard Wright,AT&T United States,2024-07-30,Approve
3200111,Upgrade,Steven Thompson,Verizon United States,2025-03-12,Approve
3200112,Upgrade,Sarah Wilson,T-Mobile United States,2026-06-14,Approve
3200113,Upgrade,Ava Hall,AT&T United States,2025-05-18,Reject
3200114,Upgrade,Ahmed Martin,Bell Canada,2025-08-07,Approve
3200115,Upgrade,Zoe Torres,AT&T United States,2026-04-25,Approve
3200116,Upgrade,Carlos Adams,Verizon United States,2026-04-19,Reject
3200117,Upgrade,Amanda Gagnon,Verizon United States,2024-06-30,Approve
3200118,Upgrade,Paul Green,Bell Canada,2026-06-24,Approve
3200119,Upgrade,Olga Anderson,AT&T United States,2024-08-19,Approve
3200120,Upgrade,Mary Lopez,Verizon United States,2026-01-27,Approve
3200121,Upgrade,Zoe Carter,T-Mobile United States,2024-09-13,Approve
3200122,Upgrade,Noah Johnson,Verizon United States,2025-09-02,Approve
3200123,Upgrade,John Nelson,AT&T United States,2026-06-18,Approve
3200124,Upgrade,Jennifer Nguyen,Verizon United States,2026-07-23,Approve
3200125,Upgrade,Omar Rivera,AT&T United States,2025-09-16,Approve
3200126,Upgrade,Steven Thompson,AT&T United States,2024-10-29,Approve
3200127,Upgrade,Carlos Roy,Verizon United States,2025-06-13,Reject
3200128,Upgrade,Barbara Brown,AT&T United States,2025-11-22,Approve
3200129,Upgrade,Jennifer Davis,AT&T United States,2026-05-10,Approve
3200130,Upgrade,Ana Torres,Verizon United States,2025-10-22,Approve
3200131,Upgrade,Michelle Robinson,Verizon United States,2025-10-06,Approve
3200132,Upgrade,Liam Adams,Verizon United States,2024-11-07,Approve
3200133,Upgrade,Wei Jones,AT&T United States,2024-08-30,Approve
3200134,Upgrade,Karen Davis,Bell Canada,2025-09-05,Approve
3200135,Upgrade,Mark Hernandez,Verizon United States,2025-02-15,Approve
3200136,Upgrade,Zoe Harris,Verizon United States,2025-09-10,Approve
3200137,Upgrade,Ana Torres,Rogers Canada,2025-05-02,Approve
3200138,Upgrade,Melissa Martin,T-Mobile United States,2026-07-05,Approve
3200139,Upgrade,Chloe Hall,AT&T United States,2025-10-06,Approve
3200140,Upgrade,Lisa Allen,Verizon United States,2026-07-06,Approve
3200141,Upgrade,Andrew Davis,Rogers Canada,2025-10-22,Approve
3200142,Upgrade,Stephanie Gagnon,Verizon United States,2025-06-11,Approve
3200143,Upgrade,Stephanie Baker,T-Mobile United States,2025-11-09,Approve
3200144,Upgrade,Betty Robinson,T-Mobile United States,2025-11-30,Approve
3200145,Upgrade,Michael Hill,AT&T United States,2025-06-09,Approve
3200146,Upgrade,Sofia Roy,T-Mobile United States,2025-05-02,Approve
3200147,Upgrade,Ava White,Bell Canada,2025-11-18,Reject
3200148,Upgrade,Mark Rodriguez,Bell Canada,2025-12-20,Approve
3200149,Upgrade,John Brown,Verizon United States,2024-09-22,Approve
3200150,Upgrade,Lisa Ramirez,Verizon United States,2024-12-28,Approve
3200151,Upgrade,David Campbell,T-Mobile United States,2026-07-21,Approve
3200152,Upgrade,Brian Smith,Bell Canada,2024-12-18,Approve
3200153,Upgrade,James Clark,Verizon United States,2024-12-11,Approve
3200154,Upgrade,Jennifer Campbell,AT&T United States,2024-11-08,Approve
3200155,Upgrade,Anthony Taylor,Bell Canada,2026-07-03,Reject
3200156,Upgrade,Wei Mitchell,Verizon United States,2026-06-24,Approve
3200157,Upgrade,Ava Wright,Verizon United States,2025-09-27,Approve
3200158,Upgrade,Stephanie Rodriguez,Bell Canada,2025-07-17,Approve
3200159,Upgrade,Raj Carter,Verizon United States,2025-05-31,Reject
3200160,Upgrade,Amanda Singh,Verizon United States,2024-07-10,Approve
3200161,Upgrade,Sofia Wilson,Bell Canada,2025-08-26,Approve
3200162,Upgrade,Wei Lopez,AT&T United States,2026-02-22,Approve
3200163,Upgrade,Mia Allen,Verizon United States,2025-04-07,Approve
3200164,Upgrade,Richard Cohen,Verizon United States,2026-05-26,Approve
3200165,Upgrade,Olga Baker,AT&T United States,2025-04-07,Approve
3200166,Upgrade,Olga Anderson,Verizon United States,2024-09-09,Reject
3200167,Upgrade,Chloe Hall,Rogers Canada,2024-11-04,Approve
3200168,Upgrade,Priya Torres,Bell Canada,2026-06-22,Approve
3200169,Upgrade,John Nelson,Verizon United States,2026-07-07,Approve
3200170,Upgrade,Betty Robinson,AT&T United States,2026-07-12,Reject
3200171,Upgrade,Nancy Nelson,Verizon United States,2024-11-11,Approve
3200172,Upgrade,Leila Sanchez,Verizon United States,2024-10-23,Approve
3200173,Upgrade,Priya Wright,Verizon United States,2024-08-25,Approve
3200174,Upgrade,Linda Taylor,Rogers Canada,2026-08-10,Approve
3200175,Upgrade,Carlos Harris,AT&T United States,2024-07-02,Approve
3200176,Upgrade,Andrew White,AT&T United States,2026-05-27,Approve
3200177,Upgrade,Priya Patel,AT&T United States,2024-10-21,Approve
3200178,Upgrade,Joshua Singh,AT&T United States,2026-07-19,Approve
3200179,Upgrade,Karen Nguyen,Bell Canada,2024-11-09,Approve
3200180,Upgrade,Zoe Harris,Verizon United States,2025-03-01,Approve
3200181,Upgrade,Leila Wright,AT&T United States,2024-12-13,Reject
3200182,Upgrade,Ethan Campbell,Verizon United States,2024-08-30,Approve
3200183,Upgrade,Anthony Harris,AT&T United States,2025-11-07,Approve
3200184,Upgrade,Ana Adams,Verizon United States,2024-10-29,Reject
3200185,Upgrade,James Clark,T-Mobile United States,2025-06-25,Approve
3200186,Upgrade,William Wright,Verizon United States,2026-09-30,
3200187,Upgrade,Michael Lewis,AT&T United States,2025-06-03,Reject
3200188,Upgrade,Fatima Tremblay,Verizon United States,2026-09-02,Reject
3200189,Upgrade,Joseph Gonzalez,AT&T United States,2026-01-15,
3200190,Upgrade,Barbara Roberts,Rogers Canada,2026-06-17,Approve
3200191,Upgrade,Fatima Campbell,Verizon United States,2025-02-21,Approve
3200192,Upgrade,Wei Mitchell,AT&T United States,2025-05-29,Approve
3200193,Upgrade,Linda Taylor,Verizon United States,2025-11-26,Approve
3200194,Upgrade,Leila Moore,Verizon United States,2026-05-15,Reject
3200195,Upgrade,Zoe Harris,Bell Canada,2025-07-04,Approve
3200196,Upgrade,Thomas Lopez,Rogers Canada,2024-10-20,Approve
3200197,Upgrade,Emily Gonzalez,Verizon United States,2026-08-28,Approve
3200198,Upgrade,Joseph Brown,Bell Canada,2025-03-14,Approve
3200199,Upgrade,Mia Wright,AT&T United States,2024-08-21,Approve
3200200,Upgrade,Ava Carter,Bell Canada,2024-12-30,Approve
3200201,Upgrade,Michael Scott,T-Mobile United States,2025-11-16,Reject
3200202,Upgrade,Steven Nelson,Verizon United States,2025-12-26,Approve
3200203,Upgrade,Olga Gonzalez,T-Mobile United States,2026-01-25,Approve
3200204,Upgrade,Wei Jones,AT&T United States,2026-06-19,Approve
3200205,Upgrade,John Nelson,Rogers Canada,2025-12-27,Approve
3200206,Upgrade,Chloe Patel,Verizon United States,2025-07-24,Approve
3200207,Upgrade,Elizabeth Nelson,Verizon United States,2025-01-13,Approve
3200208,Upgrade,Leila Gagnon,Verizon United States,2025-12-22,Approve
3200209,Upgrade,Yuki Gagnon,Verizon United States,2026-03-04,Approve
3200210,Upgrade,Omar Harris,T-Mobile United States,2026-04-08,Reject
3200211,Upgrade,Yuki Walker,AT&T United States,2026-04-10,Approve
3200212,Upgrade,Olga Cohen,AT&T United States,2024-11-16,Reject
3200213,Upgrade,Richard Thomas,Bell Canada,2024-11-05,Approve
3200214,Upgrade,John Roy,AT&T United States,2025-11-09,Approve
3200215,Upgrade,Hiroshi Lee,AT&T United States,2026-09-30,
3200216,Upgrade,Raj Torres,Verizon United States,2025-10-28,
3200217,Upgrade,Brian King,T-Mobile United States,2026-08-30,Approve
3200218,Upgrade,Robert Clark,Verizon United States,2026-01-10,Approve
3200219,Upgrade,Robert Ramirez,Verizon United States,2025-01-23,Approve
