Name,Device Number,Carrier,Comment
Liam Thomas,3109539636,AT&T United States,Temporary assignment in EMEA
Nancy Chen,4376709345,Rogers Canada,Temporary assignment in EMEA
Chloe Hall,9174948096,Verizon United States,Canada/US cross-border commuter
Priya Lopez,6042738899,Rogers Canada,Supplier site visits (APAC)
Anthony Thomas,2017049359,Verizon United States,Temporary assignment in EMEA
Amanda Ramirez,4803214145,T-Mobile United States,Supplier site visits (APAC)
Mia Thomas,9737663763,Verizon United States,Canada/US cross-border commuter
Michael Nelson,4045593485,AT&T United States,Temporary assignment in EMEA
Priya Kim,6462949643,Verizon United States,Approved by VP - trade shows
Stephanie Green,6046165123,Rogers Canada,Temporary assignment in EMEA
Andrew Lee,3125695078,AT&T United States,Temporary assignment in EMEA
Mateo Young,4162749829,Bell Canada,Canada/US cross-border commuter
Michael Johnson,2015156968,Verizon United States,Canada/US cross-border commuter
Ethan Martin,9056073476,Bell Canada,Supplier site visits (APAC)
Andrew Anderson,3102729360,AT&T United States,Approved by VP - trade shows
Anthony Thomas,2125349053,Verizon United States,Temporary assignment in EMEA
Richard Jackson,3127069683,AT&T United States,Supplier site visits (APAC)
Elizabeth Green,9059014454,Bell Canada,Global role - regional HQ visits
Yuki Gagnon,7026984915,T-Mobile United States,Temporary assignment in EMEA
John Sanchez,6463666365,Verizon United States,Supplier site visits (APAC)
Priya Scott,2147031310,AT&T United States,Global role - regional HQ visits
Omar Johnson,4164044374,Bell Canada,Frequent international travel
Zoe Brown,4048356031,AT&T United States,Global role - regional HQ visits
Lisa Chen,4169113483,Bell Canada,Frequent international travel
Ava White,2146112275,AT&T United States,Temporary assignment in EMEA
Robert Hill,9179183074,Verizon United States,Approved by VP - trade shows
John Brown,9059016347,Bell Canada,Approved by VP - trade shows
Wei Jones,4153170870,AT&T United States,Frequent international travel
Hiroshi Clark,2012196268,Verizon United States,Temporary assignment in EMEA
Mary Flores,3124403431,AT&T United States,Supplier site visits (APAC)
