Invoice Number,Invoice Date,Parent Account,Account #,Location Name,Status,Current Due,Previous,New Charges,Payments,Adjustments,Applied,Carrier
4410001,2024-01-05,880000,880100,Retail East,Paid,0,4105.4,4017.26,-4017.26,0,4017.26,Granite
4410002,2024-01-05,880000,880101,Retail West,Paid,0,3409.05,3422.26,-3422.26,0,3422.26,Granite
4410003,2024-01-05,880000,880102,Distribution,Paid,0,1748.94,1750.26,-1750.26,0,1750.26,Granite
4410004,2024-02-05,880000,880100,Retail East,Paid,0,4136.19,3993.61,-3993.61,0,3993.61,Granite
4410005,2024-02-05,880000,880101,Retail West,Paid,0,3372.83,3394.4,-3394.4,0,3394.4,Granite
4410006,2024-02-05,880000,880102,Distribution,Paid,0,1789.85,1730.07,-1730.07,0,1730.07,Granite
4410007,2024-03-05,880000,880100,Retail East,Paid,0,4017.9,4172.5,-4172.5,0,4172.5,Granite
4410008,2024-03-05,880000,880101,Retail West,Paid,0,3277.81,3380.53,-3380.53,0,3380.53,Granite
4410009,2024-03-05,880000,880102,Distribution,Paid,0,1770.89,1856.63,-1856.63,0,1856.63,Granite
4410010,2024-04-05,880000,880100,Retail East,Paid,0,4007.34,4081.52,-4081.52,0,4081.52,Granite
4410011,2024-04-05,880000,880101,Retail West,Paid,0,3363.31,3397.77,-3397.77,0,3397.77,Granite
4410012,2024-04-05,880000,880102,Distribution,Paid,0,1689.49,1668.6,-1668.6,0,1668.6,Granite
4410013,2024-05-05,880000,880100,Retail East,Paid,0,3698.08,3871.58,-3871.58,0,3871.58,Granite
4410014,2024-05-05,880000,880101,Retail West,Paid,0,3136.25,3290.96,-3290.96,0,3290.96,Granite
4410015,2024-05-05,880000,880102,Distribution,Paid,0,1821.37,1847.16,-1847.16,0,1847.16,Granite
4410016,2024-06-05,880000,880100,Retail East,Paid,0,4258.68,4310,-4310,0,4310,Granite
4410017,2024-06-05,880000,880101,Retail West,Paid,0,3533.94,3469.54,-3469.54,0,3469.54,Granite
4410018,2024-06-05,880000,880102,Distribution,Paid,0,1691.75,1775.07,-1775.07,0,1775.07,Granite
4410019,2024-07-05,880000,880100,Retail East,Paid,0,3754.1,3838.71,-3838.71,0,3838.71,Granite
4410020,2024-07-05,880000,880101,Retail West,Paid,0,3542.09,3446.16,-3446.16,0,3446.16,Granite
4410021,2024-07-05,880000,880102,Distribution,Paid,0,1704.91,1726.57,-1726.57,0,1726.57,Granite
4410022,2024-08-05,880000,880100,Retail East,Paid,0,4095.29,3924.86,-3924.86,0,3924.86,Granite
4410023,2024-08-05,880000,880101,Retail West,Paid,0,3420.44,3388.72,-3388.72,0,3388.72,Granite
4410024,2024-08-05,880000,880102,Distribution,Paid,0,1672.35,1697.3,-1697.3,0,1697.3,Granite
4410025,2024-09-05,880000,880100,Retail East,Paid,0,4171.44,4259.11,-4259.11,0,4259.11,Granite
4410026,2024-09-05,880000,880101,Retail West,Paid,0,3566.32,3519.18,-3519.18,0,3519.18,Granite
4410027,2024-09-05,880000,880102,Distribution,Paid,0,1693.87,1688.35,-1688.35,0,1688.35,Granite
4410028,2024-10-05,880000,880100,Retail East,Paid,0,4044.23,4139.75,-4139.75,0,4139.75,Granite
4410029,2024-10-05,880000,880101,Retail West,Paid,0,3539.21,3414.13,-3414.13,0,3414.13,Granite
4410030,2024-10-05,880000,880102,Distribution,Paid,0,1819.03,1876.34,-1876.34,0,1876.34,Granite
4410031,2024-11-05,880000,880100,Retail East,Paid,0,4560.19,4374.8,-4374.8,0,4374.8,Granite
4410032,2024-11-05,880000,880101,Retail West,Paid,0,3630.28,3689.24,-3689.24,0,3689.24,Granite
4410033,2024-11-05,880000,880102,Distribution,Paid,0,1637.32,1709.17,-1709.17,0,1709.17,Granite
4410034,2024-12-05,880000,880100,Retail East,Paid,0,4158.54,4231.37,-4231.37,0,4231.37,Granite
4410035,2024-12-05,880000,880101,Retail West,Paid,0,3452.1,3508.98,-3508.98,0,3508.98,Granite
4410036,2024-12-05,880000,880102,Distribution,Paid,0,1918.27,1921.48,-1921.48,0,1921.48,Granite
4410037,2025-01-05,880000,880100,Retail East,Paid,0,4312.96,4381.6,-4381.6,0,4381.6,Granite
4410038,2025-01-05,880000,880101,Retail West,Paid,0,3370.03,3344.8,-3344.8,0,3344.8,Granite
4410039,2025-01-05,880000,880102,Distribution,Paid,0,1798.04,1782.16,-1782.16,0,1782.16,Granite
4410040,2025-02-05,880000,880100,Retail East,Paid,0,4250.54,4371.96,-4371.96,0,4371.96,Granite
4410041,2025-02-05,880000,880101,Retail West,Paid,0,3633.71,3534.16,-3534.16,0,3534.16,Granite
4410042,2025-02-05,880000,880102,Distribution,Paid,0,1731.27,1780.49,-1780.49,0,1780.49,Granite
4410043,2025-03-05,880000,880100,Retail East,Paid,0,4461.76,4459.76,-4459.76,0,4459.76,Granite
4410044,2025-03-05,880000,880101,Retail West,Paid,0,3523.58,3562.33,-3562.33,0,3562.33,Granite
4410045,2025-03-05,880000,880102,Distribution,Paid,0,1866.84,1786.17,-1786.17,0,1786.17,Granite
4410046,2025-04-05,880000,880100,Retail East,Paid,0,4085.82,4185.07,-4185.07,0,4185.07,Granite
4410047,2025-04-05,880000,880101,Retail West,Paid,0,3612.62,3490.41,-3490.41,0,3490.41,Granite
4410048,2025-04-05,880000,880102,Distribution,Paid,0,1802,1782.41,-1782.41,0,1782.41,Granite
4410049,2025-05-05,880000,880100,Retail East,Paid,0,4475.05,4356.13,-4356.13,0,4356.13,Granite
4410050,2025-05-05,880000,880101,Retail West,Paid,0,3372.38,3454.7,-3454.7,0,3454.7,Granite
4410051,2025-05-05,880000,880102,Distribution,Paid,0,1675.56,1708.6,-1708.6,0,1708.6,Granite
4410052,2025-06-05,880000,880100,Retail East,Paid,0,4456.94,4294.71,-4294.71,0,4294.71,Granite
4410053,2025-06-05,880000,880101,Retail West,Paid,0,3890.25,3768.04,-3768.04,0,3768.04,Granite
4410054,2025-06-05,880000,880102,Distribution,Paid,0,1789.64,1732.07,-1732.07,0,1732.07,Granite
4410055,2025-07-05,880000,880100,Retail East,Paid,0,4525.89,4481.52,-4481.52,0,4481.52,Granite
4410056,2025-07-05,880000,880101,Retail West,Paid,0,3316.8,3419.68,-3419.68,0,3419.68,Granite
4410057,2025-07-05,880000,880102,Distribution,Paid,0,1900.62,1932.78,-1932.78,0,1932.78,Granite
4410058,2025-08-05,880000,880100,Retail East,Paid,0,4218.73,4098.46,-4098.46,0,4098.46,Granite
4410059,2025-08-05,880000,880101,Retail West,Paid,0,3347.01,3393.08,-3393.08,0,3393.08,Granite
4410060,2025-08-05,880000,880102,Distribution,Paid,0,1752.01,1827.25,-1827.25,0,1827.25,Granite
4410061,2025-09-05,880000,880100,Retail East,Paid,0,3984.95,4147.74,-4147.74,0,4147.74,Granite
4410062,2025-09-05,880000,880101,Retail West,Paid,0,3664.6,3777.04,-3777.04,0,3777.04,Granite
4410063,2025-09-05,880000,880102,Distribution,Paid,0,1729.73,1788.11,-1788.11,0,1788.11,Granite
4410064,2025-10-05,880000,880100,Retail East,Paid,0,4232.16,4356.55,-4356.55,0,4356.55,Granite
4410065,2025-10-05,880000,880101,Retail West,Paid,0,3667.53,3585.83,-3585.83,0,3585.83,Granite
4410066,2025-10-05,880000,880102,Distribution,Paid,0,1904.87,1984.78,-1984.78,0,1984.78,Granite
4410067,2025-11-05,880000,880100,Retail East,Paid,0,4455.94,4479.54,-4479.54,0,4479.54,Granite
4410068,2025-11-05,880000,880101,Retail West,Paid,0,3375.79,3547.47,-3547.47,0,3547.47,Granite
4410069,2025-11-05,880000,880102,Distribution,Paid,0,1992.66,1906.35,-1906.35,0,1906.35,Granite
4410070,2025-12-05,880000,880100,Retail East,Paid,0,4257.13,4107.51,-4107.51,0,4107.51,Granite
4410071,2025-12-05,880000,880101,Retail West,Paid,0,3723.67,3806.08,-3806.08,0,3806.08,Granite
4410072,2025-12-05,880000,880102,Distribution,Paid,0,1871.6,1952.2,-1952.2,0,1952.2,Granite
4410073,2026-01-05,880000,880100,Retail East,Paid,0,4353.7,4498.87,-4498.87,0,4498.87,Granite
4410074,2026-01-05,880000,880101,Retail West,Paid,0,3617.35,3606.81,-3606.81,0,3606.81,Granite
4410075,2026-01-05,880000,880102,Distribution,Paid,0,2058.56,2018.97,-2018.97,0,2018.97,Granite
4410076,2026-02-05,880000,880100,Retail East,Paid,0,4389.78,4362.95,-4362.95,0,4362.95,Granite
4410077,2026-02-05,880000,880101,Retail West,Paid,0,3858.25,3733.22,-3733.22,0,3733.22,Granite
4410078,2026-02-05,880000,880102,Distribution,Paid,0,1866.46,1963.3,-1963.3,0,1963.3,Granite
4410079,2026-03-05,880000,880100,Retail East,Paid,0,4166.89,4280.31,-4280.31,0,4280.31,Granite
4410080,2026-03-05,880000,880101,Retail West,Paid,0,3721.65,3700.26,-3700.26,0,3700.26,Granite
4410081,2026-03-05,880000,880102,Distribution,Paid,0,1953.54,1972.84,-1972.84,0,1972.84,Granite
4410082,2026-04-05,880000,880100,Retail East,Paid,0,4817.99,4617.07,-4617.07,0,4617.07,Granite
4410083,2026-04-05,880000,880101,Retail West,Paid,0,3890.04,3735.79,-3735.79,0,3735.79,Granite
4410084,2026-04-05,880000,880102,Distribution,Paid,0,1965.68,1982.31,-1982.31,0,1982.31,Granite
4410085,2026-05-05,880000,880100,Retail East,Paid,0,4843.63,4673.5,-4673.5,0,4673.5,Granite
4410086,2026-05-05,880000,880101,Retail West,Paid,0,3730.92,3762.71,-3762.71,0,3762.71,Granite
4410087,2026-05-05,880000,880102,Distribution,Paid,0,1991.43,1983.71,-1983.71,0,1983.71,Granite
4410088,2026-06-05,880000,880100,Retail East,Paid,0,4431.94,4276.86,-4276.86,0,4276.86,Granite
4410089,2026-06-05,880000,880101,Retail West,Paid,0,3618.84,3545.76,-3545.76,0,3545.76,Granite
4410090,2026-06-05,880000,880102,Distribution,Paid,0,2018.8,1925.76,-1925.76,0,1925.76,Granite
4410091,2026-07-05,880000,880100,Retail East,Paid,0,4565.84,4668.73,-4668.73,0,4668.73,Granite
4410092,2026-07-05,880000,880101,Retail West,Paid,0,3903.78,3814.93,-3814.93,0,3814.93,Granite
4410093,2026-07-05,880000,880102,Distribution,Paid,0,1883.01,1909.03,-1909.03,0,1909.03,Granite
4410094,2026-08-05,880000,880100,Retail East,Open,4669.1,4803.39,4669.1,0,0,0,Granite
4410095,2026-08-05,880000,880101,Retail West,Open,3937.63,3854.17,3937.63,0,0,0,Granite
4410096,2026-08-05,880000,880102,Distribution,Open,1937.32,1899.45,1937.32,0,0,0,Granite
