Owner -> Email,Count
ahmed.campbell@contoso.com,4
daniel.campbell@contoso.com,4
karen.hernandez@contoso.com,4
david.martinez@contoso.com,4
ahmed.martin@contoso.com,3
olga.walker@contoso.com,4
william.wright@contoso.com,3
stephanie.baker@contoso.com,4
mateo.kim@contoso.com,3
mateo.adams@contoso.com,4
patricia.anderson@contoso.com,3
brian.smith@contoso.com,4
patricia.scott@contoso.com,4
melissa.brown@contoso.com,3
paul.rivera@contoso.com,4
richard.king@contoso.com,3
olga.gonzalez@contoso.com,4
brian.sanchez@contoso.com,4
anthony.thomas@contoso.com,3
fatima.green@contoso.com,4
wei.hall@contoso.com,4
paul.lewis@contoso.com,3
