International Number,Line Status,Carrier,Contract Start Date,Contract Ends
2145678311,Active,AT&T United States,2026-01-30,2028-01-30
3127994817,Active,AT&T United States,2024-07-31,2026-07-31
9178462897,Active,Verizon United States,2026-07-26,2028-07-26
4159486112,Active,AT&T United States,,
9176668524,Active,Verizon United States,,
6318660612,Active,Verizon United States,2024-07-20,2026-07-20
2147324423,Active,AT&T United States,2023-11-26,2025-11-26
9056925416,Active,Bell Canada,2023-08-30,2025-08-30
3128935123,Active,AT&T United States,2024-02-16,2026-02-16
2018642732,Active,Verizon United States,2025-05-17,2027-05-17
3104675148,Active,AT&T United States,2023-01-15,2025-01-15
6465384557,Active,Verizon United States,2026-07-20,2028-07-20
4378334990,Active,Rogers Canada,2023-01-30,2025-01-30
3128484783,Active,AT&T United States,,
2012479647,Active,Verizon United States,2024-04-30,2026-04-30
4046289977,Active,AT&T United States,2026-01-31,2028-01-31
9054975657,Active,Bell Canada,2026-06-19,2028-06-19
4164044374,Active,Bell Canada,,
4805966825,Active,T-Mobile United States,2023-11-29,2025-11-29
2065860665,Active,T-Mobile United States,2026-03-18,2028-03-18
9737635866,Active,Verizon United States,2025-12-01,2027-12-01
2017740144,Active,Verizon United States,2025-06-21,2027-06-21
3052071072,Active,AT&T United States,2025-11-14,2027-11-14
2018456626,Active,Verizon United States,2025-11-22,2027-11-22
4045906473,Active,AT&T United States,2025-03-13,2027-03-13
3102059383,Active,AT&T United States,2024-05-17,2026-05-17
9736729005,Active,Verizon United States,2022-10-20,2024-10-20
9733569266,Active,Verizon United States,2026-07-26,2028-07-26
9176989038,Active,Verizon United States,2026-01-17,2028-01-17
4808692435,Active,T-Mobile United States,2025-07-10,2027-07-10
7022413585,Active,T-Mobile United States,2025-09-17,2027-09-17
5032788430,Active,T-Mobile United States,2024-06-24,2026-06-24
5032442095,Active,T-Mobile United States,2023-03-12,2025-03-12
4164246730,Active,Bell Canada,2025-12-15,2027-12-15
9732982906,Suspended,Verizon United States,2024-08-30,2026-08-30
6043374170,Active,Rogers Canada,2024-03-20,2026-03-20
9177486939,Active,Verizon United States,2023-12-02,2025-12-02
2129653764,Active,Verizon United States,2026-03-24,2028-03-24
4046108536,Active,AT&T United States,2026-07-23,2028-07-23
2018003281,Active,Verizon United States,2024-09-17,2026-09-17
9177509419,Active,Verizon United States,2025-05-17,2027-05-17
3124544706,Active,AT&T United States,,
6464343322,Active,Verizon United States,2023-12-26,2025-12-26
7027022996,Active,T-Mobile United States,2026-08-26,2028-08-26
4168903452,Active,Bell Canada,2025-12-20,2027-12-20
9739023744,Active,Verizon United States,2023-04-10,2025-04-10
7026984915,Active,T-Mobile United States,2025-12-08,2027-12-08
4157909435,Active,AT&T United States,2025-12-18,2027-12-18
3102812654,Active,AT&T United States,2024-10-06,2026-10-06
7029611311,Active,T-Mobile United States,2023-10-24,2025-10-24
9176532071,Active,Verizon United States,2025-12-18,2027-12-18
3056458576,Active,AT&T United States,2026-08-21,2028-08-21
9059014454,Active,Bell Canada,2025-12-07,2027-12-07
6042738899,Active,Rogers Canada,2025-04-09,2027-04-09
2015985113,Active,Verizon United States,2024-09-28,2026-09-28
5142090688,Active,Rogers Canada,2024-09-18,2026-09-18
6319745690,Active,Verizon United States,2025-08-17,2027-08-17
4152708702,Suspended,AT&T United States,2025-08-09,2027-08-09
2127351092,Active,Verizon United States,2023-02-12,2025-02-12
2147031310,Active,AT&T United States,2023-09-01,2025-09-01
4163978621,Active,Bell Canada,2025-05-08,2027-05-08
6475605163,Active,Bell Canada,2026-03-11,2028-03-11
7028100267,Active,T-Mobile United States,2022-11-16,2024-11-16
4164716014,Active,Bell Canada,2024-11-13,2026-11-13
2129980916,Active,Verizon United States,2024-08-20,2026-08-20
2128896436,Active,Verizon United States,2023-05-10,2025-05-10
4156929163,Active,AT&T United States,2023-04-07,2025-04-07
6465587245,Active,Verizon United States,2024-03-16,2026-03-16
9176607719,Active,Verizon United States,2026-05-17,2028-05-17
4049882378,Active,AT&T United States,2025-03-30,2027-03-30
5143092155,Active,Rogers Canada,2026-07-13,2028-07-13
3104766767,Active,AT&T United States,2024-10-14,2026-10-14
2066627485,Active,T-Mobile United States,2023-02-18,2025-02-18
9053457595,Active,Bell Canada,2026-06-20,2028-06-20
6319502024,Active,Verizon United States,2026-07-12,2028-07-12
6469870840,Suspended,Verizon United States,2025-10-15,2027-10-15
9738757794,Active,Verizon United States,2023-09-18,2025-09-18
9175391436,Active,Verizon United States,2025-11-17,2027-11-17
5149767001,Active,Rogers Canada,2025-04-28,2027-04-28
9176379975,Active,Verizon United States,2026-06-17,2028-06-17
3056246783,Active,AT&T United States,2023-11-18,2025-11-18
5035385536,Active,T-Mobile United States,2024-06-05,2026-06-05
3122315556,Suspended,AT&T United States,2024-06-28,2026-06-28
4157374953,Active,AT&T United States,2024-03-11,2026-03-11
2066706350,Active,T-Mobile United States,2026-06-17,2028-06-17
9174053154,Active,Verizon United States,2024-03-17,2026-03-17
2125185549,Active,Verizon United States,2024-05-07,2026-05-07
9174028740,Active,Verizon United States,2025-02-05,2027-02-05
9175327426,Active,Verizon United States,2026-03-24,2028-03-24
3056726566,Active,AT&T United States,2024-03-10,2026-03-10
9737917326,Active,Verizon United States,2025-06-14,2027-06-14
2124407073,Active,Verizon United States,2024-07-25,2026-07-25
6316472224,Active,Verizon United States,2025-03-23,2027-03-23
3102389308,Active,AT&T United States,2024-07-21,2026-07-21
3109008834,Active,AT&T United States,2026-06-27,2028-06-27
7029550447,Active,T-Mobile United States,,
6464673869,Active,Verizon United States,2026-08-20,2028-08-20
4046087802,Active,AT&T United States,,
2018254466,Active,Verizon United States,2024-06-24,2026-06-24
4043008605,Active,AT&T United States,,
4377793027,Active,Rogers Canada,2026-01-30,2028-01-30
2065916366,Active,T-Mobile United States,2024-01-19,2026-01-19
3102729360,Active,AT&T United States,2024-01-26,2026-01-26
3054310054,Active,AT&T United States,2023-12-20,2025-12-20
6465066391,Active,Verizon United States,2026-03-15,2028-03-15
3102375558,Active,AT&T United States,2025-05-02,2027-05-02
2064482138,Active,T-Mobile United States,,
7029556586,Active,T-Mobile United States,2025-07-12,2027-07-12
9735852584,Active,Verizon United States,2026-08-03,2028-08-03
2142389769,Active,AT&T United States,2026-02-06,2028-02-06
3103527772,Active,AT&T United States,2024-04-03,2026-04-03
6469387287,Active,Verizon United States,2024-01-06,2026-01-06
6473826346,Active,Bell Canada,2025-08-14,2027-08-14
9737663763,Active,Verizon United States,2024-07-31,2026-07-31
4376709345,Active,Rogers Canada,2023-05-28,2025-05-28
9737893393,Active,Verizon United States,2026-01-16,2028-01-16
3108647839,Active,AT&T United States,2025-07-10,2027-07-10
4048356031,Active,AT&T United States,2024-07-17,2026-07-17
4045119293,Active,AT&T United States,2025-10-10,2027-10-10
4378822514,Active,Rogers Canada,2026-06-20,2028-06-20
3129051840,Active,AT&T United States,2026-02-18,2028-02-18
2122858821,Active,Verizon United States,2023-08-05,2025-08-05
2017741435,Active,Verizon United States,2024-03-22,2026-03-22
6475077742,Active,Bell Canada,,
2128132738,Active,Verizon United States,2026-07-06,2028-07-06
6463588247,Active,Verizon United States,2023-02-21,2025-02-21
4169102332,Active,Bell Canada,2023-09-29,2025-09-29
4803214145,Active,T-Mobile United States,2022-10-30,2024-10-30
5143019472,Active,Rogers Canada,2026-08-02,2028-08-02
5145636219,Active,Rogers Canada,2023-09-01,2025-09-01
4808145111,Active,T-Mobile United States,2024-02-01,2026-02-01
6046109675,Active,Rogers Canada,2023-09-07,2025-09-07
7026879882,Active,T-Mobile United States,2025-04-27,2027-04-27
4048195356,Active,AT&T United States,2024-09-29,2026-09-29
3127069683,Active,AT&T United States,2025-03-08,2027-03-08
3055995282,Active,AT&T United States,2024-11-05,2026-11-05
6044710778,Active,Rogers Canada,2026-05-10,2028-05-10
3055203278,Active,AT&T United States,2026-03-20,2028-03-20
2127343287,Active,Verizon United States,2026-08-26,2028-08-26
6462284023,Active,Verizon United States,2023-12-10,2025-12-10
3105219856,Active,AT&T United States,,
3127986388,Active,AT&T United States,2024-04-02,2026-04-02
4155717786,Active,AT&T United States,2024-02-27,2026-02-27
2143248763,Active,AT&T United States,2024-07-13,2026-07-13
4376160555,Active,Rogers Canada,2024-10-18,2026-10-18
5038435006,Active,T-Mobile United States,,
2017843677,Active,Verizon United States,2024-09-13,2026-09-13
9174948096,Active,Verizon United States,2025-08-26,2027-08-26
9056073476,Active,Bell Canada,2024-04-23,2026-04-23
4375792166,Active,Rogers Canada,2025-01-15,2027-01-15
2014894312,Suspended,Verizon United States,2025-11-26,2027-11-26
2127060668,Active,Verizon United States,2025-03-06,2027-03-06
9052048618,Active,Bell Canada,2024-11-28,2026-11-28
9058730095,Active,Bell Canada,2024-11-27,2026-11-27
6463666365,Active,Verizon United States,,
9738146931,Active,Verizon United States,2024-04-16,2026-04-16
6043522093,Active,Rogers Canada,2025-03-05,2027-03-05
2148777583,Active,AT&T United States,2023-09-11,2025-09-11
2013190217,Active,Verizon United States,2023-05-02,2025-05-02
2064147882,Active,T-Mobile United States,2023-07-21,2025-07-21
4165019329,Active,Bell Canada,2025-08-29,2027-08-29
2016841915,Active,Verizon United States,2026-02-17,2028-02-17
2149286395,Active,AT&T United States,2026-03-18,2028-03-18
3124403431,Active,AT&T United States,2025-07-24,2027-07-24
2129889126,Active,Verizon United States,2024-06-27,2026-06-27
4168625959,Active,Bell Canada,2024-02-09,2026-02-09
4156396773,Active,AT&T United States,2023-10-11,2025-10-11
6467880947,Active,Verizon United States,2026-02-10,2028-02-10
2146143232,Active,AT&T United States,2026-03-26,2028-03-26
9738064238,Active,Verizon United States,,
2148428737,Active,AT&T United States,2025-09-01,2027-09-01
3128938622,Suspended,AT&T United States,2023-01-16,2025-01-16
4169113483,Active,Bell Canada,2025-08-30,2027-08-30
2012494999,Active,Verizon United States,2025-10-20,2027-10-20
3058517551,Active,AT&T United States,2024-03-17,2026-03-17
6312259371,Active,Verizon United States,2026-03-06,2028-03-06
2012868741,Active,Verizon United States,2026-05-24,2028-05-24
2018942772,Active,Verizon United States,2024-03-20,2026-03-20
9739708264,Active,Verizon United States,2025-04-05,2027-04-05
4046561374,Active,AT&T United States,2026-02-26,2028-02-26
4045593485,Active,AT&T United States,2026-04-21,2028-04-21
6474515269,Suspended,Bell Canada,2026-02-27,2028-02-27
2127510507,Active,Verizon United States,2026-07-29,2028-07-29
2144263838,Suspended,AT&T United States,2025-01-07,2027-01-07
9733791070,Active,Verizon United States,2026-05-05,2028-05-05
2126370849,Active,Verizon United States,2025-09-06,2027-09-06
2129553696,Active,Verizon United States,2025-09-20,2027-09-20
4162749829,Active,Bell Canada,2025-05-30,2027-05-30
4163040914,Active,Bell Canada,2026-01-31,2028-01-31
4047295377,Active,AT&T United States,2022-08-23,2024-08-23
3103305106,Active,AT&T United States,2023-05-27,2025-05-27
2125493102,Active,Verizon United States,2025-09-30,2027-09-30
2145843363,Active,AT&T United States,2024-07-30,2026-07-30
6463823211,Suspended,Verizon United States,2025-08-09,2027-08-09
9736441071,Active,Verizon United States,2026-08-21,2028-08-21
7023298327,Active,T-Mobile United States,,
3058650599,Active,AT&T United States,2026-05-18,2028-05-18
9738365511,Active,Verizon United States,2025-06-23,2027-06-23
6463001942,Active,Verizon United States,2024-05-15,2026-05-15
6046159501,Active,Rogers Canada,2024-06-09,2026-06-09
5036497372,Active,T-Mobile United States,2024-11-02,2026-11-02
4153575410,Active,AT&T United States,2022-09-04,2024-09-04
6462716322,Active,Verizon United States,2024-10-11,2026-10-11
6464105075,Active,Verizon United States,2023-11-29,2025-11-29
3052401492,Active,AT&T United States,2025-04-06,2027-04-06
3054981093,Suspended,AT&T United States,2026-06-07,2028-06-07
2015516542,Active,Verizon United States,2025-01-31,2027-01-31
6462189944,Active,Verizon United States,2024-11-04,2026-11-04
6318781684,Active,Verizon United States,2025-08-01,2027-08-01
2128802750,Active,Verizon United States,,
5145983485,Active,Rogers Canada,2024-04-08,2026-04-08
4048942177,Active,AT&T United States,2026-05-27,2028-05-27
2146383990,Active,AT&T United States,2024-06-20,2026-06-20
7029680388,Active,T-Mobile United States,2025-12-11,2027-12-11
4152932845,Active,AT&T United States,2023-08-23,2025-08-23
3105686524,Active,AT&T United States,2025-11-22,2027-11-22
3058207878,Active,AT&T United States,2024-08-07,2026-08-07
6047792660,Active,Rogers Canada,2023-10-05,2025-10-05
4154604053,Active,AT&T United States,2026-04-25,2028-04-25
2145919602,Active,AT&T United States,2025-08-07,2027-08-07
6465833053,Active,Verizon United States,2023-07-16,2025-07-16
2125001404,Active,Verizon United States,2024-06-09,2026-06-09
9176977753,Active,Verizon United States,2025-10-17,2027-10-17
2146112275,Active,AT&T United States,2026-08-10,2028-08-10
2016091333,Active,Verizon United States,2026-06-27,2028-06-27
4802925452,Active,T-Mobile United States,2026-07-08,2028-07-08
2067866025,Active,T-Mobile United States,2023-07-21,2025-07-21
6319530861,Active,Verizon United States,2025-03-21,2027-03-21
2144894626,Active,AT&T United States,2025-06-16,2027-06-16
3129439431,Active,AT&T United States,2023-09-20,2025-09-20
3053766150,Active,AT&T United States,2026-05-09,2028-05-09
2016957105,Active,Verizon United States,2024-05-16,2026-05-16
2124544925,Active,Verizon United States,2026-08-18,2028-08-18
4374614270,Active,Rogers Canada,2022-11-30,2024-11-30
4045880424,Active,AT&T United States,2026-02-19,2028-02-19
2063262879,Active,T-Mobile United States,2024-08-14,2026-08-14
3059534380,Active,AT&T United States,2025-07-15,2027-07-15
6046165123,Active,Rogers Canada,2026-05-05,2028-05-05
4047098437,Active,AT&T United States,2025-07-27,2027-07-27
2125464092,Active,Verizon United States,2024-08-03,2026-08-03
5148307542,Active,Rogers Canada,2026-07-24,2028-07-24
9174317711,Active,Verizon United States,2025-10-25,2027-10-25
7022322626,Active,T-Mobile United States,2024-11-09,2026-11-09
2122212066,Active,Verizon United States,2024-02-09,2026-02-09
4154871884,Active,AT&T United States,2023-07-18,2025-07-18
6466360289,Active,Verizon United States,2023-07-29,2025-07-29
2122000854,Active,Verizon United States,,
6319979648,Active,Verizon United States,2024-07-10,2026-07-10
6467462517,Active,Verizon United States,2025-08-09,2027-08-09
3122469276,Active,AT&T United States,2023-03-22,2025-03-22
9175103609,Active,Verizon United States,2026-07-29,2028-07-29
6318196047,Active,Verizon United States,2026-07-20,2028-07-20
6466523614,Active,Verizon United States,2026-06-07,2028-06-07
2063354068,Active,T-Mobile United States,,
4164490915,Suspended,Bell Canada,2025-09-04,2027-09-04
6319321841,Active,Verizon United States,2024-08-26,2026-08-26
4376352461,Active,Rogers Canada,2023-07-07,2025-07-07
4802681854,Active,T-Mobile United States,2026-07-17,2028-07-17
3057468070,Suspended,AT&T United States,2026-01-13,2028-01-13
6465017543,Suspended,Verizon United States,2026-08-06,2028-08-06
5032302406,Active,T-Mobile United States,2026-01-20,2028-01-20
2142329898,Active,AT&T United States,2023-09-12,2025-09-12
4169603471,Active,Bell Canada,2024-08-12,2026-08-12
4154882666,Active,AT&T United States,2022-08-27,2024-08-27
9052384753,Active,Bell Canada,2025-10-03,2027-10-03
4803345554,Active,T-Mobile United States,2025-05-16,2027-05-16
2015212780,Active,Verizon United States,2024-03-05,2026-03-05
3104976157,Active,AT&T United States,,
2014764129,Active,Verizon United States,2026-07-07,2028-07-07
4154035722,Active,AT&T United States,2024-10-10,2026-10-10
3103547514,Active,AT&T United States,2025-01-22,2027-01-22
3059922721,Active,AT&T United States,2026-05-27,2028-05-27
3123162880,Active,AT&T United States,2025-06-06,2027-06-06
4379698924,Active,Rogers Canada,2025-04-12,2027-04-12
6314705036,Active,Verizon United States,2023-12-31,2025-12-31
9736392111,Active,Verizon United States,2022-10-19,2024-10-19
9178750847,Active,Verizon United States,2025-01-13,2027-01-13
2013038045,Active,Verizon United States,2023-12-19,2025-12-19
2065515681,Active,T-Mobile United States,2025-11-22,2027-11-22
9174807890,Active,Verizon United States,2023-03-17,2025-03-17
4154107992,Active,AT&T United States,2025-02-28,2027-02-28
4155307035,Active,AT&T United States,,
4044909859,Active,AT&T United States,2024-01-06,2026-01-06
9735349685,Active,Verizon United States,2023-06-16,2025-06-16
6315084500,Active,Verizon United States,2025-07-20,2027-07-20
9059417138,Active,Bell Canada,2024-04-22,2026-04-22
2014762790,Active,Verizon United States,2025-12-06,2027-12-06
3129917908,Active,AT&T United States,2024-08-09,2026-08-09
9739798644,Active,Verizon United States,2023-09-01,2025-09-01
6047911672,Active,Rogers Canada,2026-05-06,2028-05-06
9735410870,Active,Verizon United States,2025-01-14,2027-01-14
4153170870,Active,AT&T United States,2023-02-13,2025-02-13
9178524718,Active,Verizon United States,2026-03-23,2028-03-23
6464701261,Active,Verizon United States,2022-08-12,2024-08-12
4049525747,Active,AT&T United States,2025-01-12,2027-01-12
6044825067,Active,Rogers Canada,2026-08-15,2028-08-15
4373664974,Active,Rogers Canada,2026-06-15,2028-06-15
2149879187,Active,AT&T United States,2025-04-24,2027-04-24
9177922280,Active,Verizon United States,2026-08-16,2028-08-16
2015627006,Active,Verizon United States,2024-11-23,2026-11-23
3122546433,Active,AT&T United States,2025-09-01,2027-09-01
6317988369,Active,Verizon United States,,
2016953015,Active,Verizon United States,2026-01-31,2028-01-31
2015764508,Active,Verizon United States,2026-01-22,2028-01-22
6316694536,Suspended,Verizon United States,2025-02-13,2027-02-13
2146956168,Active,AT&T United States,2023-12-07,2025-12-07
9179783793,Active,Verizon United States,2025-12-13,2027-12-13
3054043206,Active,AT&T United States,2026-08-04,2028-08-04
6468988653,Active,Verizon United States,2024-06-19,2026-06-19
9057535421,Active,Bell Canada,2022-10-14,2024-10-14
6474690491,Active,Bell Canada,2025-10-06,2027-10-06
4379830579,Active,Rogers Canada,2025-12-01,2027-12-01
9738226215,Active,Verizon United States,2023-08-06,2025-08-06
6462949643,Active,Verizon United States,,
5147065848,Active,Rogers Canada,2025-07-18,2027-07-18
3129599059,Active,AT&T United States,2024-08-13,2026-08-13
2012196268,Active,Verizon United States,2025-04-24,2027-04-24
5145497111,Active,Rogers Canada,2026-07-31,2028-07-31
4152154598,Active,AT&T United States,2023-10-31,2025-10-31
2126770606,Active,Verizon United States,2026-07-12,2028-07-12
3058710812,Active,AT&T United States,2023-08-16,2025-08-16
9736541854,Active,Verizon United States,2022-12-06,2024-12-06
9173539686,Active,Verizon United States,2022-09-30,2024-09-30
6467788249,Active,Verizon United States,2022-12-06,2024-12-06
6479506716,Active,Bell Canada,2023-11-06,2025-11-06
6045211932,Active,Rogers Canada,2024-11-20,2026-11-20
6315637354,Active,Verizon United States,2023-07-23,2025-07-23
9739399635,Active,Verizon United States,2024-03-22,2026-03-22
6466408505,Active,Verizon United States,2026-03-01,2028-03-01
5142289804,Active,Rogers Canada,2025-05-07,2027-05-07
4806428081,Active,T-Mobile United States,2023-03-03,2025-03-03
7022397100,Active,T-Mobile United States,2023-02-06,2025-02-06
9739403509,Active,Verizon United States,2022-12-29,2024-12-29
4048456425,Active,AT&T United States,2026-07-11,2028-07-11
6049136522,Active,Rogers Canada,2023-02-18,2025-02-18
3128510747,Suspended,AT&T United States,2023-09-22,2025-09-22
2067313448,Active,T-Mobile United States,2026-03-03,2028-03-03
9175080397,Active,Verizon United States,,
3109539636,Active,AT&T United States,2023-05-07,2025-05-07
9737184007,Active,Verizon United States,2026-07-22,2028-07-22
2122979189,Active,Verizon United States,2026-01-11,2028-01-11
6317789809,Active,Verizon United States,,
4157321990,Active,AT&T United States,2025-03-24,2027-03-24
9177772718,Active,Verizon United States,2025-08-09,2027-08-09
9179183074,Active,Verizon United States,2022-08-12,2024-08-12
3059856607,Suspended,AT&T United States,2024-12-31,2026-12-31
5033720043,Active,T-Mobile United States,2026-03-26,2028-03-26
2146855816,Active,AT&T United States,2024-08-28,2026-08-28
3126775668,Suspended,AT&T United States,2023-02-13,2025-02-13
9172344504,Active,Verizon United States,,
5145780472,Suspended,Rogers Canada,2024-02-05,2026-02-05
6313739614,Active,Verizon United States,2025-04-04,2027-04-04
6312889276,Active,Verizon United States,2026-03-04,2028-03-04
7028973130,Active,T-Mobile United States,2024-02-02,2026-02-02
6475578569,Active,Bell Canada,2025-11-22,2027-11-22
6313907785,Active,Verizon United States,2026-03-10,2028-03-10
3106497478,Active,AT&T United States,2023-07-17,2025-07-17
5037242726,Active,T-Mobile United States,2023-09-29,2025-09-29
6464087152,Active,Verizon United States,2024-05-29,2026-05-29
4049915359,Active,AT&T United States,2023-03-31,2025-03-31
4152453460,Active,AT&T United States,2025-05-18,2027-05-18
6049021661,Active,Rogers Canada,2023-04-30,2025-04-30
7029997758,Active,T-Mobile United States,2025-01-08,2027-01-08
2015750820,Active,Verizon United States,2025-06-17,2027-06-17
2127471549,Active,Verizon United States,2023-06-24,2025-06-24
9739421290,Active,Verizon United States,2025-08-02,2027-08-02
7027877748,Active,T-Mobile United States,2023-03-15,2025-03-15
2124263683,Active,Verizon United States,2024-06-29,2026-06-29
6315994189,Active,Verizon United States,2024-10-05,2026-10-05
3127698040,Active,AT&T United States,2023-04-18,2025-04-18
7025275950,Active,T-Mobile United States,2025-11-09,2027-11-09
6468991610,Active,Verizon United States,2026-08-02,2028-08-02
5149609852,Active,Rogers Canada,2025-03-30,2027-03-30
3056727523,Active,AT&T United States,,
9056168515,Active,Bell Canada,,
9179769499,Active,Verizon United States,2023-06-19,2025-06-19
2144649309,Active,AT&T United States,2025-01-08,2027-01-08
4158224789,Active,AT&T United States,2023-03-21,2025-03-21
4046962770,Active,AT&T United States,2025-02-27,2027-02-27
4159593318,Suspended,AT&T United States,2026-02-21,2028-02-21
4374503741,Active,Rogers Canada,2026-05-13,2028-05-13
3105261196,Active,AT&T United States,2026-07-23,2028-07-23
3059737475,Active,AT&T United States,2026-03-20,2028-03-20
6472065229,Active,Bell Canada,2023-11-06,2025-11-06
2129014916,Active,Verizon United States,2025-06-19,2027-06-19
2015156968,Active,Verizon United States,2024-04-06,2026-04-06
2065297004,Active,T-Mobile United States,2025-05-12,2027-05-12
4375840971,Active,Rogers Canada,2025-08-30,2027-08-30
6044515371,Active,Rogers Canada,2025-10-10,2027-10-10
2127410987,Active,Verizon United States,2025-12-10,2027-12-10
2146414536,Active,AT&T United States,2023-02-19,2025-02-19
9174289574,Active,Verizon United States,2024-06-22,2026-06-22
5036344441,Suspended,T-Mobile United States,2024-03-12,2026-03-12
6467189474,Active,Verizon United States,2024-02-05,2026-02-05
3125695078,Active,AT&T United States,2023-01-21,2025-01-21
5033437697,Active,T-Mobile United States,,
5035136613,Active,T-Mobile United States,,
6462946879,Active,Verizon United States,,
2017049359,Active,Verizon United States,2023-10-18,2025-10-18
9179782157,Active,Verizon United States,2025-12-12,2027-12-12
9057916646,Active,Bell Canada,2024-01-26,2026-01-26
4375508504,Active,Rogers Canada,2025-07-02,2027-07-02
9738246947,Active,Verizon United States,2024-09-03,2026-09-03
6318279731,Active,Verizon United States,2023-09-01,2025-09-01
9173436577,Active,Verizon United States,2023-10-07,2025-10-07
4803571153,Active,T-Mobile United States,2025-12-01,2027-12-01
9058135940,Active,Bell Canada,2026-08-07,2028-08-07
2129997993,Active,Verizon United States,2024-04-16,2026-04-16
2066087074,Active,T-Mobile United States,2026-07-22,2028-07-22
6479154311,Active,Bell Canada,2024-04-25,2026-04-25
2128546652,Active,Verizon United States,2026-08-30,2028-08-30
2018331244,Active,Verizon United States,2023-12-25,2025-12-25
2144800431,Active,AT&T United States,2025-09-03,2027-09-03
2127197794,Active,Verizon United States,2024-07-18,2026-07-18
6315621071,Active,Verizon United States,2022-11-08,2024-11-08
9733221163,Active,Verizon United States,2025-11-03,2027-11-03
9059016347,Active,Bell Canada,2025-09-18,2027-09-18
5035531588,Active,T-Mobile United States,2024-12-28,2026-12-28
6319249685,Active,Verizon United States,2025-03-10,2027-03-10
9179890903,Active,Verizon United States,2025-10-11,2027-10-11
9733828335,Active,Verizon United States,2026-07-31,2028-07-31
3122043938,Active,AT&T United States,2024-04-29,2026-04-29
6469977998,Active,Verizon United States,2024-01-21,2026-01-21
9734934664,Active,Verizon United States,2024-12-02,2026-12-02
2018306076,Active,Verizon United States,,
9172392350,Active,Verizon United States,2024-04-19,2026-04-19
4804896336,Active,T-Mobile United States,2026-06-09,2028-06-09
3123646030,Active,AT&T United States,2025-05-18,2027-05-18
6475725534,Active,Bell Canada,2024-10-05,2026-10-05
2012523267,Active,Verizon United States,2026-03-07,2028-03-07
4045238693,Active,AT&T United States,2023-03-25,2025-03-25
9735239559,Active,Verizon United States,,
3108792402,Active,AT&T United States,2024-07-28,2026-07-28
5148369671,Active,Rogers Canada,2026-05-24,2028-05-24
9733978008,Active,Verizon United States,2023-12-18,2025-12-18
2129400220,Active,Verizon United States,2024-01-31,2026-01-31
2015288672,Active,Verizon United States,2024-01-29,2026-01-29
6313261241,Active,Verizon United States,2025-04-07,2027-04-07
3102631028,Suspended,AT&T United States,2024-02-26,2026-02-26
4045208944,Active,AT&T United States,2025-03-06,2027-03-06
4155246249,Active,AT&T United States,2023-08-15,2025-08-15
9177624549,Active,Verizon United States,2023-05-21,2025-05-21
2017020212,Active,Verizon United States,2023-09-17,2025-09-17
5034145344,Active,T-Mobile United States,2025-01-29,2027-01-29
4049682430,Suspended,AT&T United States,2023-04-08,2025-04-08
9733494468,Active,Verizon United States,2025-11-23,2027-11-23
2148596904,Active,AT&T United States,,
2125349053,Active,Verizon United States,,
4042651112,Active,AT&T United States,2023-08-03,2025-08-03
4153184272,Active,AT&T United States,2025-06-19,2027-06-19
2149316798,Active,AT&T United States,2022-08-18,2024-08-18
3124729113,Active,AT&T United States,2026-05-30,2028-05-30
6463150682,Active,Verizon United States,2024-05-22,2026-05-22
4049375363,Active,AT&T United States,2026-08-31,2028-08-31
2127900721,Active,Verizon United States,2023-10-16,2025-10-16
2014370774,Suspended,Verizon United States,2026-02-03,2028-02-03
6468888102,Active,Verizon United States,2024-03-06,2026-03-06
7027532612,Active,T-Mobile United States,2025-05-14,2027-05-14
9179496116,Active,Verizon United States,2023-12-27,2025-12-27
6473471183,Active,Bell Canada,2024-03-21,2026-03-21
5146329619,Active,Rogers Canada,2026-05-26,2028-05-26
4158286727,Active,AT&T United States,2025-04-05,2027-04-05
9178155429,Active,Verizon United States,2024-01-20,2026-01-20
4809171902,Active,T-Mobile United States,2025-02-14,2027-02-14
3104695859,Active,AT&T United States,2023-01-01,2025-01-01
4153504920,Active,AT&T United States,,
2016897843,Active,Verizon United States,2026-08-23,2028-08-23
3052316837,Active,AT&T United States,2025-04-20,2027-04-20
9057739915,Active,Bell Canada,2025-10-20,2027-10-20
6045133143,Active,Rogers Canada,2024-06-27,2026-06-27
2144523370,Active,AT&T United States,2024-09-04,2026-09-04
4046659021,Active,AT&T United States,2025-10-24,2027-10-24
3104841760,Active,AT&T United States,2022-09-23,2024-09-23
6463550376,Active,Verizon United States,2024-12-30,2026-12-30
5034861759,Active,T-Mobile United States,2025-02-07,2027-02-07
4158898053,Active,AT&T United States,2026-04-17,2028-04-17
4808147695,Active,T-Mobile United States,2023-10-16,2025-10-16
4043612761,Active,AT&T United States,2023-12-15,2025-12-15
3052683798,Active,AT&T United States,2024-06-12,2026-06-12
3059796044,Active,AT&T United States,2026-03-15,2028-03-15
