New user,Email address,Date of giving out,Tracking info,Reissued,Comment,Comment 2,Model,Mfr,Color,Memory (Gb),Carrier Lock,Carrier,iOS Lock,MDM,ETF,Contract End,IMEI,IMEI2,Serial Number,EID,ICCID,UIDID,SrcPartNum,Availability,Carrier_1
Joseph Allen,joseph.allen@contoso.com,2025-06-12,1Z5388981032341132,Yes,Replacement for damaged device,,Apple iPhone 16,Apple,Black,128,Unlocked,AT&T United States,No,Intune,0,2026-03-09,353244277842396,248256821355467,F1981994732,168206357660958743,8901943647217016555,1C15B55FBF6E074D865FE33C,M2081LL/A,Deployed,AT&T United States
Robert Williams,robert.williams@contoso.com,2025-06-11,1Z7434693962929808,Yes,,,Samsung Galaxy S24,Samsung,Onyx Black,64,Unlocked,AT&T United States,No,Intune,0,2026-03-25,351230789150307,247720471135413,F1547954839,339643544159040252,8901907201009433712,D9B97B795BF2E8DB7F7EB2ED,M3083LL/A,Deployed,AT&T United States
Richard Martinez,richard.martinez@contoso.com,2025-03-21,1Z7144547729776718,Yes,,,Apple iPhone 13,Apple,Starlight,128,Unlocked,Verizon United States,No,Intune,0,2026-12-07,359852488703488,992892413063873,F5696705856,569421212482304387,8901359869551195063,74F894E270A1E5DDD403653E,M8530LL/A,Deployed,Verizon United States
Michelle Wright,michelle.wright@contoso.com,2026-05-16,1Z8751600101057540,Yes,,,Samsung Galaxy S23,Samsung,Phantom Black,128,Unlocked,Verizon United States,No,Intune,0,2027-12-24,352578822311301,234356103985482,F4188138565,444190851393304417,8901984011403663798,D796EFBC3F7917C5437FEB6B,M9867LL/A,Deployed,Verizon United States
Amanda Scott,amanda.scott@contoso.com,,1Z4304672631584246,Yes,New hire,,Apple iPhone 15,Apple,Pink,256,Unlocked,Verizon United States,No,Intune,0,2027-01-25,354572848579193,618481551061155,F5032484588,661297393542757348,8901947963785815994,621715340A6368F2E413A4D3,M4831LL/A,Deployed,Verizon United States
William Hernandez,william.hernandez@contoso.com,2025-07-05,1Z1325861986362405,Yes,New hire,,Apple iPhone 14,Apple,Midnight,256,Unlocked,Verizon United States,No,Intune,0,2027-06-03,356330314021750,871080616922857,F7791260377,979756429670457551,8901780783696175347,39873B7FB79FA51D3045C38C,M7829LL/A,Deployed,Verizon United States
Zoe Thompson,zoe.thompson@contoso.com,2024-12-30,1Z3661784886790816,Yes,,,Apple iPhone 16,Apple,White,256,Unlocked,Verizon United States,No,Intune,0,2026-06-08,353277147734614,984764192587918,F4635730034,255286575761435169,8901849245924840515,BD24E118D428DF1CEB6D3598,M6628LL/A,Deployed,Verizon United States
Nancy Singh,nancy.singh@contoso.com,2026-08-30,1Z6926870548392507,Yes,New hire,,Samsung Galaxy S24,Samsung,Marble Grey,128,Unlocked,Verizon United States,No,Intune,0,2026-06-24,359674695566269,326319954178708,F2750473645,376818848361238270,8901481494284049930,224C6031E32A20823D4AC183,M5615LL/A,Deployed,Verizon United States
Andrew Lee,andrew.lee@contoso.com,2024-10-06,1Z7210685098077190,Yes,,,Apple iPhone 14,Apple,Starlight,64,Unlocked,Verizon United States,No,Intune,0,2025-06-08,354956677848604,895342381825276,F6349478736,333243954047423472,8901511903832540206,7FDFC5C0876CACDDAB204463,M7646LL/A,Deployed,Verizon United States
Karen Singh,karen.singh@contoso.com,2026-08-31,1Z7490158989385136,Yes,Replacement for damaged device,,Samsung Galaxy S24,Samsung,Marble Grey,128,Unlocked,Bell Canada,No,Intune,0,2026-11-19,355727363727731,324471943079529,F7439785886,622886115356244955,8901591551447580534,FDBA93EB78E1524090771F71,M5437LL/A,Deployed,Bell Canada
Ethan Brown,ethan.brown@contoso.com,2024-09-23,1Z7284694800147300,Yes,,,Samsung Galaxy S23,Samsung,Cream,64,Unlocked,AT&T United States,No,Intune,0,2026-11-12,355934513459007,796175272733705,F1543198093,495749011947344660,8901672009355209650,2F7410DD57790735D094805E,M7538LL/A,Deployed,AT&T United States
Emily Clark,emily.clark@contoso.com,2025-05-04,1Z5082061530350632,Yes,Replacement for damaged device,,Apple iPhone 14,Apple,Starlight,128,Unlocked,AT&T United States,No,Intune,0,2025-10-07,356314579968821,514263509663755,F8920948326,230097588128281700,8901907727771432084,440497F91E60BA33FCBFA2CA,M3975LL/A,Deployed,AT&T United States
Omar Martin,omar.martin@contoso.com,2024-12-29,1Z7996356989070029,Yes,Replacement for damaged device,,Apple iPhone 15,Apple,Blue,64,Unlocked,Rogers Canada,No,Intune,0,2026-09-25,355659840474244,908837748054046,F3506204532,281485028062191445,8901162868913488049,38529F4669A3618B910AD032,M8502LL/A,Deployed,Rogers Canada
Melissa Martin,melissa.martin@contoso.com,2026-03-17,1Z1832065932533116,Yes,Replacement for damaged device,,Apple iPhone 15,Apple,Pink,64,Unlocked,Verizon United States,No,Intune,0,2026-10-14,353146327746237,335442189044118,F1717311953,238635651327353633,8901840778648180956,2D1CA2B3E5715F31BD37414A,M8093LL/A,Deployed,Verizon United States
James Wilson,james.wilson@contoso.com,2025-02-15,1Z6837611614879229,Yes,,,Google Pixel 8,Google,Hazel,128,Unlocked,Bell Canada,No,Intune,0,2027-12-20,359764648332319,996928375255418,F1208775906,323661643845456089,8901350581910835748,73F59A4E767A004B71D87C8F,M3163LL/A,Deployed,Bell Canada
Karen Williams,karen.williams@contoso.com,2026-06-07,1Z4216559850168647,Yes,,,Samsung Galaxy S23,Samsung,Cream,128,Unlocked,Verizon United States,No,Intune,0,2027-06-19,359234289735713,704619435911970,F1014625643,844447746833622888,8901127681334298047,5352E5785E13AB9CEFA107EE,M9505LL/A,Deployed,Verizon United States
Hiroshi Perez,hiroshi.perez@contoso.com,2025-12-19,1Z8626232675831707,Yes,,,Apple iPhone 16,Apple,Black,128,Unlocked,AT&T United States,No,Intune,0,2025-09-03,354133962123660,129800310275921,F4133128089,456470384495856178,8901439034428529384,B13A8DC792DBA951F7B8895A,M3022LL/A,Deployed,AT&T United States
Yuki Garcia,yuki.garcia@contoso.com,2025-08-26,1Z2388681936850071,Yes,New hire,,Samsung Galaxy S23,Samsung,Phantom Black,256,Unlocked,Rogers Canada,No,Intune,0,2025-12-27,351618082013860,911602388408571,F1852377009,535900548164072534,8901776586313196690,B9EBCE1F935B67B42FBD9D23,M8940LL/A,Deployed,Rogers Canada
Karen Adams,karen.adams@contoso.com,2025-11-28,1Z7298828211889713,Yes,,,Samsung Galaxy S24,Samsung,Onyx Black,128,Unlocked,Rogers Canada,No,Intune,0,2027-12-06,353608052882383,784461464731679,F1725746234,899234008546468619,8901101602771441413,79432F6FDA554D255D144588,M4638LL/A,Deployed,Rogers Canada
Fatima Martinez,fatima.martinez@contoso.com,2026-03-19,1Z5135340438926659,Yes,,,Apple iPhone 13,Apple,Midnight,128,Unlocked,AT&T United States,No,Intune,0,2027-11-14,359921021198127,538074584328279,F5444253571,205651459838186915,8901660513019619119,C3B5B2BD1EEC4D0DF5A8EDD7,M9284LL/A,Deployed,AT&T United States
Yuki Walker,yuki.walker@contoso.com,2026-03-21,1Z9042962871525141,Yes,,,Apple iPhone 13,Apple,Starlight,64,Unlocked,Verizon United States,No,Intune,0,2025-07-03,353192543834387,850096680807875,F5964857307,508388731000256253,8901589474359896900,431B800AC3155E4BB51B8A05,M9751LL/A,Deployed,Verizon United States
Brian Smith,brian.smith@contoso.com,2026-08-31,1Z1152108450170005,Yes,,,Samsung Galaxy S23,Samsung,Cream,128,Unlocked,Verizon United States,No,Intune,0,2026-08-22,355620327181894,489678749089178,F1562744369,263293338695086252,8901737341967697909,AA3DB493D0D0D99DB7A49237,M4016LL/A,Deployed,Verizon United States
John Brown,john.brown@contoso.com,2025-05-07,1Z9080258696157490,Yes,New hire,,Samsung Galaxy S24,Samsung,Marble Grey,64,Unlocked,Verizon United States,No,Intune,0,2026-05-17,356939909955061,229186808412591,F6201478282,156849332409040608,8901162399567963420,CB00EBBFAF0545D36595FA90,M9057LL/A,Deployed,Verizon United States
Amanda Scott,amanda.scott@contoso.com,2025-07-29,1Z1122063608342733,Yes,,,Apple iPhone 15,Apple,Black,64,Unlocked,AT&T United States,No,Intune,0,2026-03-27,355030033334908,533885218813958,F9374232317,240684852552594037,8901551814129205290,C8D7F25C823B576B0EAD4E04,M5699LL/A,Deployed,AT&T United States
Raj Torres,raj.torres@contoso.com,2025-02-26,1Z6640391299762936,Yes,,,Apple iPhone 13,Apple,Starlight,128,Unlocked,Verizon United States,No,Intune,0,2027-01-25,351792319004953,582015961115463,F6847735965,755639914299098652,8901911078706781888,90F4372413D69792126FF5ED,M6606LL/A,Deployed,Verizon United States
Barbara Wilson,barbara.wilson@contoso.com,2026-01-22,1Z8249476835454558,Yes,,,Samsung Galaxy S23,Samsung,Cream,64,Unlocked,AT&T United States,No,Intune,0,2025-05-04,352609197652817,120444633116835,F5229537468,470134558915919271,8901289967492795735,AAAA76022886115FF9F4FBCD,M1244LL/A,Deployed,AT&T United States
Mia Taylor,mia.taylor@contoso.com,2025-11-15,1Z9526531880778670,Yes,New hire,,Apple iPad 10th Gen,Apple,Blue,64,Unlocked,Verizon United States,No,Intune,0,2027-08-06,352579094687111,737856467901540,F5937799938,758979521741468753,8901611052348603950,F473BDB490FF3E09094D4B8A,M9572LL/A,Deployed,Verizon United States
Fatima Nguyen,fatima.nguyen@contoso.com,2025-03-09,1Z4943794156308199,Yes,New hire,,Apple iPhone 13,Apple,Midnight,128,Unlocked,AT&T United States,No,Intune,0,2025-02-27,359512166462543,883008354303731,F1993529899,793992011799364301,8901702092268517217,8B713CE4A6145F1B79A3B6A8,M7887LL/A,Deployed,AT&T United States
Priya Patel,priya.patel@contoso.com,,1Z7053861684072889,Yes,Replacement for damaged device,,Apple iPhone 13,Apple,Midnight,128,Unlocked,Verizon United States,No,Intune,0,2026-01-08,352613200960202,240386302515483,F6936637977,317182860963698067,8901151428560020319,11BA91F9960A39741EFD393B,M6766LL/A,Deployed,Verizon United States
Amanda Roy,amanda.roy@contoso.com,,1Z4790811752393601,Yes,New hire,,Samsung Galaxy S24,Samsung,Marble Grey,256,Unlocked,Verizon United States,No,Intune,0,2027-03-22,359025748048238,448112709299764,F6515134889,919688508401869773,8901849152010311948,66A247B77F14D81C6F6D18C6,M5878LL/A,Deployed,Verizon United States
Sofia Nguyen,sofia.nguyen@contoso.com,2024-10-05,1Z8727282924176459,Yes,Replacement for damaged device,,Google Pixel 8,Google,Hazel,128,Unlocked,Bell Canada,No,Intune,0,2025-03-09,358383431149378,557908037277448,F4505619917,591871372901456887,8901497444437775504,7862F1CF3878A369B2F3BC00,M4263LL/A,Deployed,Bell Canada
Jessica Anderson,jessica.anderson@contoso.com,2026-06-13,1Z6855344228053416,Yes,Replacement for damaged device,,Apple iPad 10th Gen,Apple,Blue,128,Unlocked,AT&T United States,No,Intune,0,2025-10-09,354279707716830,883563393747139,F9430531410,191170939135213062,8901350780478207725,B1D944800CAF014434B51E65,M7077LL/A,Deployed,AT&T United States
Emily Jackson,emily.jackson@contoso.com,2025-11-11,1Z3114624140461510,Yes,,,Google Pixel 8,Google,Obsidian,128,Unlocked,Verizon United States,No,Intune,0,2026-10-06,353839446352885,426488871432788,F3272107283,576762404298011946,8901690557643132013,D72ABF118F415CF0D99598FB,M6495LL/A,Deployed,Verizon United States
Ethan Brown,ethan.brown@contoso.com,2025-06-27,1Z2994255300944460,Yes,Replacement for damaged device,,Samsung Galaxy S24,Samsung,Marble Grey,256,Unlocked,AT&T United States,No,Intune,0,2026-06-12,356249515246355,182183278215922,F9471284586,401748638629215921,8901789034324841774,ED919B5591C33F136540ECD1,M5007LL/A,Deployed,AT&T United States
Joshua Davis,joshua.davis@contoso.com,2026-08-18,1Z2543270059809697,Yes,,,Apple iPhone SE,Apple,White,256,Unlocked,Verizon United States,No,Intune,0,2026-04-05,355640325263464,768017943443275,F9663705815,879399880149987662,8901663518298661149,B91340E39AFE08A720D882E4,M8815LL/A,Deployed,Verizon United States
Fatima Roy,fatima.roy@contoso.com,2026-01-04,1Z1390480223122506,Yes,New hire,,Apple iPad 10th Gen,Apple,Blue,64,Unlocked,Verizon United States,No,Intune,0,2026-11-01,358836472804095,683861511922655,F1554432010,299844058157757144,8901316978946391431,C8CC684DB5B2872BA15B293E,M7763LL/A,Deployed,Verizon United States
Noah Lopez,noah.lopez@contoso.com,2025-11-18,1Z3741674541799336,Yes,New hire,,Samsung Galaxy S24,Samsung,Marble Grey,128,Unlocked,Bell Canada,No,Intune,0,2025-05-12,351653374738641,914627084326855,F2049835395,447918550460805820,8901351580333323725,0702C1DBD2AD8A480DFAC4C9,M3317LL/A,Deployed,Bell Canada
Michelle Wright,michelle.wright@contoso.com,2026-07-26,1Z5245574483109746,Yes,,,Apple iPhone 15,Apple,Black,64,Unlocked,Verizon United States,No,Intune,0,2027-06-01,359121198072414,786217978685023,F2681936367,771404158308133766,8901393960742066584,4C60507B8D73F2A65C497AD1,M4099LL/A,Deployed,Verizon United States
Joshua Taylor,joshua.taylor@contoso.com,2025-03-15,1Z4669494768410709,Yes,,,Samsung Galaxy S24,Samsung,Marble Grey,256,Unlocked,Verizon United States,No,Intune,0,2025-10-05,354917321468802,319439537078264,F7660334923,441983503353082875,8901615118234203171,6815760743DF1C142EE066CA,M4406LL/A,Deployed,Verizon United States
Liam Hall,liam.hall@contoso.com,2026-06-29,1Z7401916390389178,Yes,,,Apple iPhone 16,Apple,White,128,Unlocked,AT&T United States,No,Intune,0,2026-07-29,359875187787954,948098765395522,F8121196375,137665411607320681,8901272249878682901,16F4A6B5A760A7DFCE01FA3F,M8983LL/A,Deployed,AT&T United States
Karen Roberts,karen.roberts@contoso.com,2025-04-22,1Z8151170096994411,Yes,Replacement for damaged device,,Apple iPhone SE,Apple,Black,256,Unlocked,Verizon United States,No,Intune,0,2025-04-07,351661397248159,282377897956822,F2297501345,467248118630759427,8901729473907586734,6C1056B347C3C463F1BEF588,M7403LL/A,Deployed,Verizon United States
Ashley Roberts,ashley.roberts@contoso.com,2026-06-01,1Z3105641188436878,Yes,,,Apple iPhone 14,Apple,Starlight,128,Unlocked,T-Mobile United States,No,Intune,0,2025-10-07,353807872562289,251367602170585,F1854571069,699881149412246839,8901551793322984747,372CBA501B993F82FDD35EEA,M4349LL/A,Deployed,T-Mobile United States
Mia Anderson,mia.anderson@contoso.com,2025-11-13,1Z5109934879258345,Yes,Replacement for damaged device,,Apple iPhone 13,Apple,Midnight,128,Unlocked,Verizon United States,No,Intune,0,2025-01-22,359239500872263,259869106076501,F2893965515,898119147109847371,8901638618001211887,C03B3A8E58ED77989C266A1B,M6164LL/A,Deployed,Verizon United States
Yuki Campbell,yuki.campbell@contoso.com,2026-03-24,1Z3326698758724460,Yes,New hire,,Apple iPhone 16,Apple,Black,128,Unlocked,AT&T United States,No,Intune,0,2025-12-16,351984452071198,132698595289401,F4880552427,366129268629908555,8901404952199034305,CADAF90FF365185DEAFB7B2C,M3159LL/A,Deployed,AT&T United States
Richard Wright,richard.wright@contoso.com,2024-10-30,1Z8334779531363552,Yes,New hire,,Apple iPhone 14,Apple,Blue,128,Unlocked,AT&T United States,No,Intune,0,2026-06-15,352597798209395,620805786392990,F4423383964,160089338212167767,8901973913014430343,EAD7131DD4EA18F51A01D224,M8803LL/A,Deployed,AT&T United States
Sandra Scott,sandra.scott@contoso.com,2026-03-09,1Z5835270863502138,Yes,New hire,,Samsung Galaxy S24,Samsung,Marble Grey,256,Unlocked,Verizon United States,No,Intune,0,2025-11-12,354220633906933,862952787623070,F9270643759,545393576303515643,8901808104683187802,DF4924F2817B676756E80E7E,M2050LL/A,Deployed,Verizon United States
Ahmed Martin,ahmed.martin@contoso.com,2025-05-19,1Z5567851972436973,Yes,,,Apple iPhone 14,Apple,Starlight,64,Unlocked,T-Mobile United States,No,Intune,0,2026-05-22,357037384386058,380467744464370,F6949721083,715402382219322049,8901311250660261776,F0C3DC02C4F8C5CE92CA910D,M2250LL/A,Deployed,T-Mobile United States
Priya Kim,priya.kim@contoso.com,,1Z4122396972667525,Yes,New hire,,Apple iPhone 15,Apple,Black,64,Unlocked,Verizon United States,No,Intune,0,2025-04-13,353096146532173,183244621512771,F7575233522,692039882735252160,8901645760740016989,CC45A5FE093AD01FB18ED96D,M4695LL/A,Deployed,Verizon United States
Olga Anderson,olga.anderson@contoso.com,2024-12-14,1Z2580789224680633,Yes,,,Apple iPhone 14,Apple,Starlight,64,Unlocked,AT&T United States,No,Intune,0,2027-10-06,354132555698852,536639025478017,F7864120631,981198778982072249,8901386572022441699,7453C9C38EBC02B138665E81,M3978LL/A,Deployed,AT&T United States
James Torres,james.torres@contoso.com,2025-05-25,1Z8917959432536079,Yes,New hire,,Apple iPhone 16,Apple,White,128,Unlocked,Verizon United States,No,Intune,0,2026-01-29,357606144976182,319889048830456,F6051515351,469514473391343555,8901928596859117516,D10320A38A21D06CB13E3F6D,M4203LL/A,Deployed,Verizon United States
James Jackson,james.jackson@contoso.com,2025-08-05,1Z3440606626455660,Yes,New hire,,Apple iPhone SE,Apple,White,128,Unlocked,AT&T United States,No,Intune,0,2025-02-12,356360198735430,287135180128007,F7522186733,790853991486189931,8901791134859508613,81EAA853C415A46760A55B8E,M6723LL/A,Deployed,AT&T United States
Mia Brown,mia.brown@contoso.com,2025-02-11,1Z8905153371327086,Yes,Replacement for damaged device,,Apple iPad 10th Gen,Apple,Blue,128,Unlocked,T-Mobile United States,No,Intune,0,2027-04-29,359742183430426,401748223811582,F6075188222,831714128147183072,8901609298016470775,51A3DFE47962E5A87F7D7604,M3793LL/A,Deployed,T-Mobile United States
Michelle Hill,michelle.hill@contoso.com,2026-07-02,1Z6158463465277113,Yes,,,Samsung Galaxy S24,Samsung,Onyx Black,64,Unlocked,Verizon United States,No,Intune,0,2025-11-06,358026076106573,421824444382669,F1359553016,797040768614582313,8901180316391056386,F47E2C3EDD5C0525EC8F3B62,M7725LL/A,Deployed,Verizon United States
Fatima Roy,fatima.roy@contoso.com,2025-02-05,1Z4680390314199793,Yes,,,Apple iPhone 16,Apple,Black,128,Unlocked,Verizon United States,No,Intune,0,2026-08-31,358076308941960,960125887802041,F6293939703,634116653601824613,8901302533280049938,1374975F6081F8DE6E74745D,M6492LL/A,Deployed,Verizon United States
Joshua Taylor,joshua.taylor@contoso.com,2025-04-18,1Z8706011872903467,Yes,,,Apple iPad 10th Gen,Apple,Silver,128,Unlocked,Verizon United States,No,Intune,0,2025-05-12,354921764570249,823241650151430,F1173720701,761657764867201947,8901299033438986888,F323433118280E6126DEFCAF,M3832LL/A,Deployed,Verizon United States
Robert Martin,robert.martin@contoso.com,2025-10-17,1Z9049096409922264,Yes,,,Samsung Galaxy S24,Samsung,Marble Grey,64,Unlocked,AT&T United States,No,Intune,0,2025-08-01,353703846523516,756231332689437,F9030430078,580948550354526236,8901697670940351593,8988266F8E67D7D8431BDC70,M1958LL/A,Deployed,AT&T United States
Fatima Campbell,fatima.campbell@contoso.com,2026-02-20,1Z3202727580841856,Yes,Replacement for damaged device,,Apple iPhone SE,Apple,White,128,Unlocked,Bell Canada,No,Intune,0,2027-12-03,351015778504389,973627818486880,F2667594635,673956631460855893,8901818103017252928,DEC67E8FF21B76E3482202F9,M7542LL/A,Deployed,Bell Canada
John Walker,john.walker@contoso.com,2025-11-21,1Z2304518184963898,Yes,,,Apple iPhone 15,Apple,Pink,256,Unlocked,T-Mobile United States,No,Intune,0,2025-06-03,356210730393940,306064771178754,F3828253152,803875883946899524,8901444117148200049,48C955720BA40FDB105FEF51,M3672LL/A,Deployed,T-Mobile United States
Sarah Gonzalez,sarah.gonzalez@contoso.com,2026-05-02,1Z6521111639734389,Yes,Replacement for damaged device,,Apple iPad Air,Apple,Space Grey,64,Unlocked,Verizon United States,No,Intune,0,2027-12-15,352581028643297,833735447594437,F7936360766,568375829096063958,8901678360987069345,BC4047FA1C6386F732FC5015,M1326LL/A,Deployed,Verizon United States
Andrew Garcia,andrew.garcia@contoso.com,2025-03-21,1Z2452805965260327,Yes,Replacement for damaged device,,Apple iPhone 13,Apple,Starlight,256,Unlocked,Verizon United States,No,Intune,0,2026-02-01,353958137791672,545888661142745,F4033236374,106205764154206284,8901104329740902443,539E832E0BE1BD38A1BE3068,M3940LL/A,Deployed,Verizon United States
Michael Patel,michael.patel@contoso.com,2025-12-13,1Z4928472394923562,Yes,,,Apple iPhone 13,Apple,Midnight,64,Unlocked,Rogers Canada,No,Intune,0,2026-04-11,352048240231359,332846882543475,F7232435041,904170214004689186,8901786140359767910,CA23792CAC55317362A73FF5,M4339LL/A,Deployed,Rogers Canada
Mia Wright,mia.wright@contoso.com,2025-05-12,1Z5973324884910160,Yes,Replacement for damaged device,,Google Pixel 8,Google,Hazel,64,Unlocked,AT&T United States,No,Intune,0,2025-08-11,353008477030352,313773726707496,F8593345998,558458540945836822,8901847397989893622,337CEEF0282767C0CA85A82C,M4696LL/A,Deployed,AT&T United States
Wei Rivera,wei.rivera@contoso.com,2026-08-19,1Z4657465385230015,Yes,New hire,,Apple iPhone 15,Apple,Pink,128,Unlocked,Verizon United States,No,Intune,0,2027-10-07,359109700704910,206929162124223,F9861808974,475122424205947659,8901148918177022928,B92D933DA10FF3DBC1699ADD,M7065LL/A,Deployed,Verizon United States
Priya Lopez,priya.lopez@contoso.com,2025-10-25,1Z5149115003156616,Yes,,,Apple iPhone 14,Apple,Midnight,64,Unlocked,Bell Canada,No,Intune,0,2026-12-23,355689302067461,768133573380683,F9912316352,638516817029603221,8901752519001000181,3F381A63A4AC217688827B82,M9864LL/A,Deployed,Bell Canada
Fatima Green,fatima.green@contoso.com,2025-10-14,1Z4463017243835133,Yes,,,Samsung Galaxy S24,Samsung,Marble Grey,128,Unlocked,T-Mobile United States,No,Intune,0,2026-12-26,353653138240903,255783163382537,F8307866249,525012347274957802,8901604647162542140,81D9CFF99DE2D8CA4EDC3A08,M3662LL/A,Deployed,T-Mobile United States
Sandra Garcia,sandra.garcia@contoso.com,2026-04-28,1Z9980321299850540,Yes,Replacement for damaged device,,Samsung Galaxy S24,Samsung,Onyx Black,128,Unlocked,AT&T United States,No,Intune,0,2025-05-09,358825526941894,593001104444334,F3040880495,811747500948327084,8901796633276225578,8FFBCC0F058729F37C03AF35,M1063LL/A,Deployed,AT&T United States
Jessica Campbell,jessica.campbell@contoso.com,2025-06-19,1Z3484180761394775,Yes,,,Apple iPad 10th Gen,Apple,Blue,128,Unlocked,AT&T United States,No,Intune,0,2027-11-09,355486084881834,226711423401979,F7696498138,812282894051208608,8901620212498890592,75557A6CD6C1DE5749FA485D,M9503LL/A,Deployed,AT&T United States
Sandra Garcia,sandra.garcia@contoso.com,2026-02-10,1Z4553328690846432,Yes,,,Apple iPhone 13,Apple,Starlight,64,Unlocked,Rogers Canada,No,Intune,0,2026-11-01,355664454546602,292418678871080,F6540575491,292151998993043427,8901284675138651236,756C1D0FF60FDBF223B8F542,M1640LL/A,Deployed,Rogers Canada
Jennifer Allen,jennifer.allen@contoso.com,2025-04-15,1Z6010538914624421,Yes,,,Samsung Galaxy S23,Samsung,Cream,64,Unlocked,Verizon United States,No,Intune,0,2025-03-26,354150549054431,643207405585478,F8875096662,699615407867507187,8901850701464284522,3CA97D028D129C6C8A759C6E,M8761LL/A,Deployed,Verizon United States
Yuki Jones,yuki.jones@contoso.com,,1Z7121806062793040,Yes,Replacement for damaged device,,Apple iPhone 15,Apple,Pink,128,Unlocked,Verizon United States,No,Intune,0,2027-03-11,355161245609714,864288398553045,F1062572910,154467813229852721,8901214642999212542,C74F555DDE9389DEE37B9630,M6830LL/A,Deployed,Verizon United States
Carlos Young,carlos.young@contoso.com,2026-01-28,1Z5322127643412929,Yes,,,Apple iPhone 16,Apple,White,256,Unlocked,Verizon United States,No,Intune,0,2025-08-31,355593716451424,631543137438037,F9549250209,617460573665303386,8901566623122671923,08F07B8ACDBBBC7AA48A8BE5,M1511LL/A,Deployed,Verizon United States
Paul Lewis,paul.lewis@contoso.com,2025-05-17,1Z6417406024104946,Yes,,,Samsung Galaxy Tab S9,Samsung,Graphite,256,Unlocked,Verizon United States,No,Intune,0,2027-03-17,353163323195942,408788752286611,F1204463829,449353770702744576,8901486120417202483,E702D3CB8F021E9C6C04399D,M7567LL/A,Deployed,Verizon United States
Priya Sanchez,priya.sanchez@contoso.com,2025-11-10,1Z2605629578012772,Yes,,,Apple iPhone 14,Apple,Starlight,64,Unlocked,Verizon United States,No,Intune,0,2026-01-06,353053535731020,785657705441511,F7860594026,650735383710354457,8901473554814561693,A29C9DBEEE8F0A8837280C98,M5831LL/A,Deployed,Verizon United States
Chloe Campbell,chloe.campbell@contoso.com,2025-11-22,1Z2537728542252546,Yes,,,Apple iPhone 16,Apple,White,256,Unlocked,Verizon United States,No,Intune,0,2026-04-20,357841456698230,353581459257261,F8668523948,788625860652259096,8901106873290021908,F82DD1F514F32E9BD4977FF6,M3247LL/A,Deployed,Verizon United States
Karen Campbell,karen.campbell@contoso.com,2025-03-09,1Z1823302051210359,Yes,,,Samsung Galaxy S24,Samsung,Marble Grey,128,Unlocked,Verizon United States,No,Intune,0,2027-08-26,351990401986728,820681677324180,F9604212361,554696622350626501,8901813038200560868,28349F057EA19C4A769BC641,M7973LL/A,Deployed,Verizon United States
Susan Ramirez,susan.ramirez@contoso.com,2025-01-22,1Z8739143286832135,Yes,Replacement for damaged device,,Apple iPad Air,Apple,Space Grey,128,Unlocked,AT&T United States,No,Intune,0,2025-07-27,354007871786225,230216562581397,F8166554025,885448346920256355,8901665604146566439,9D6D37C75E4532EC7D3FB84A,M2376LL/A,Deployed,AT&T United States
William Clark,william.clark@contoso.com,2025-12-10,1Z3425141718440350,Yes,New hire,,Apple iPhone 15,Apple,Black,128,Unlocked,Bell Canada,No,Intune,0,2026-04-17,351831663431561,512217065501256,F6855212153,206929020203619445,8901341869531195806,4C2D189B2422262EC5BA8420,M8182LL/A,Deployed,Bell Canada
Amanda Walker,amanda.walker@contoso.com,2026-05-11,1Z1330086289194760,Yes,Replacement for damaged device,,Apple iPhone SE,Apple,Black,256,Unlocked,Verizon United States,No,Intune,0,2026-04-19,356281008383029,674823340390517,F2973375689,433638141616100006,8901134100040230970,87A453041FF3A9F831FAF7E0,M4567LL/A,Deployed,Verizon United States
Robert Williams,robert.williams@contoso.com,2025-02-27,1Z9229057747799675,Yes,,,Apple iPhone 15,Apple,Black,128,Unlocked,Verizon United States,No,Intune,0,2026-12-24,354208256401806,296008539458987,F9750714819,683410101620344358,8901711708483401998,49058E120277F1413240AB15,M8123LL/A,Deployed,Verizon United States
Olga Baker,olga.baker@contoso.com,2026-01-08,1Z8257793843837583,Yes,,,Samsung Galaxy S24,Samsung,Onyx Black,128,Unlocked,Verizon United States,No,Intune,0,2025-07-27,358186793384697,735597228791165,F3838517397,477509865313303893,8901220902743020549,7A7634B5AF80CCB16CC35925,M4080LL/A,Deployed,Verizon United States
Carlos Martin,carlos.martin@contoso.com,2025-10-13,1Z9395993577874734,Yes,,,Apple iPhone SE,Apple,White,256,Unlocked,Verizon United States,No,Intune,0,2026-09-28,358788833816531,336327244646083,F8483150537,287448062027422970,8901545919884098163,9359FB5D9AC725209670EFB3,M5209LL/A,Deployed,Verizon United States
Mateo Adams,mateo.adams@contoso.com,2026-02-28,1Z5990922059661900,Yes,Replacement for damaged device,,Samsung Galaxy Tab S9,Samsung,Graphite,128,Unlocked,Rogers Canada,No,Intune,0,2027-09-10,351924884506940,750138768245939,F4394298135,142578784020506968,8901698177348033903,EE5E1FB5D52939E53BE45056,M6576LL/A,Deployed,Rogers Canada
James Torres,james.torres@contoso.com,2025-06-11,1Z9447701321680690,Yes,Replacement for damaged device,,Apple iPhone 15,Apple,Pink,64,Unlocked,AT&T United States,No,Intune,0,2027-07-27,356108958376598,517383130132116,F9180203758,850034352994405897,8901292188782963402,5EF59CD3E078B2D6E92CB8ED,M9032LL/A,Deployed,AT&T United States
Carlos Ramirez,carlos.ramirez@contoso.com,2026-04-21,1Z7585415212957037,Yes,,,Samsung Galaxy Tab S9,Samsung,Graphite,128,Unlocked,Rogers Canada,No,Intune,0,2025-10-09,352957396544157,695395421600154,F1220512797,182384435495419497,8901311142913477453,DC210944E84511A29BC27450,M8403LL/A,Deployed,Rogers Canada
Mark Chen,mark.chen@contoso.com,2025-02-11,1Z9961387085172898,Yes,New hire,,Google Pixel 8,Google,Obsidian,128,Unlocked,T-Mobile United States,No,Intune,0,2027-12-08,356263607494573,193446053619556,F4976988715,672240764078821002,8901917534922543021,35BD51EA07996E3BA360C4CB,M9653LL/A,Deployed,T-Mobile United States
Brian Hill,brian.hill@contoso.com,2025-08-11,1Z1102291416902795,Yes,,,Samsung Galaxy S24,Samsung,Marble Grey,64,Unlocked,T-Mobile United States,No,Intune,0,2025-12-08,355323220115946,218634871084994,F9529118078,721160202818038706,8901626934270204041,50CCA99F5ED2F65D0C07CDC3,M3421LL/A,Deployed,T-Mobile United States
Sarah Kim,sarah.kim@contoso.com,2026-01-30,1Z7763128399893819,Yes,,,Samsung Galaxy S23,Samsung,Cream,128,Unlocked,Verizon United States,No,Intune,0,2027-08-10,357574690060609,943303776957707,F9974034663,857461307761702013,8901965590580028379,31F5EE865183C54FAB3F631B,M3073LL/A,Deployed,Verizon United States
Ana King,ana.king@contoso.com,2025-12-30,1Z2210576507243581,Yes,Replacement for damaged device,,Apple iPhone 16,Apple,Teal,64,Unlocked,Verizon United States,No,Intune,0,2026-12-17,352402669716958,373985074565268,F1044818985,244864842545298229,8901580300710215759,B0A95FC90F1F43A792EF8D59,M9701LL/A,Deployed,Verizon United States
Carlos Hall,carlos.hall@contoso.com,2025-03-31,1Z1627612406029156,Yes,Replacement for damaged device,,Apple iPad Air,Apple,Space Grey,64,Unlocked,Verizon United States,No,Intune,0,2027-12-24,352070854490487,331530933142506,F4776648985,344623905193547552,8901952896233924682,709B5F65EA3E442F23CDEC84,M2292LL/A,Deployed,Verizon United States
Yuki Garcia,yuki.garcia@contoso.com,2025-11-15,1Z4303100821603531,Yes,Replacement for damaged device,,Samsung Galaxy S24,Samsung,Marble Grey,128,Unlocked,Verizon United States,No,Intune,0,2027-07-12,352063514140892,377320307352321,F4025007797,484918296063568189,8901832580055921615,D2067A8762C60435DC5BB24F,M7153LL/A,Deployed,Verizon United States
Nancy Chen,nancy.chen@contoso.com,2026-05-22,1Z6944969359982839,Yes,,,Apple iPad 10th Gen,Apple,Blue,128,Unlocked,Verizon United States,No,Intune,0,2027-11-07,352778613346017,370200305364789,F6926328391,552968306022833579,8901647365542339219,DAF2571C0736591D74F9BD90,M3595LL/A,Deployed,Verizon United States
Daniel White,daniel.white@contoso.com,2026-08-23,1Z4712847541850113,Yes,,,Apple iPad 10th Gen,Apple,Blue,256,Unlocked,Verizon United States,No,Intune,0,2025-03-13,356189391546782,218042422896042,F5648042822,393865187732563233,8901619973207426414,A27589CD52C5BE0FF2E3E19A,M4354LL/A,Deployed,Verizon United States
Robert Clark,robert.clark@contoso.com,2026-01-12,1Z2878276900477748,Yes,New hire,,Apple iPad Air,Apple,Blue,256,Unlocked,Bell Canada,No,Intune,0,2025-10-03,351657664460845,396443377750579,F1005250264,109537611455021667,8901391794210134171,1DB60EFE740AA8AD4545448D,M9664LL/A,Deployed,Bell Canada
Nancy Adams,nancy.adams@contoso.com,2026-07-08,1Z6465680291460698,Yes,,,Apple iPhone 13,Apple,Starlight,128,Unlocked,Rogers Canada,No,Intune,0,2025-12-22,358243785946730,669315838555480,F5487826809,563626564790897308,8901959661483728957,9D193891F04084D04739669A,M9341LL/A,Deployed,Rogers Canada
James Martin,james.martin@contoso.com,2025-01-18,1Z5422174975339367,Yes,,,Apple iPhone SE,Apple,White,128,Unlocked,Verizon United States,No,Intune,0,2027-07-18,355173449407762,123949581801107,F8588860325,963096181773999533,8901988148211820286,D6D21F63623D45F4C1EF6252,M5439LL/A,Deployed,Verizon United States
Michelle Roy,michelle.roy@contoso.com,2026-06-30,1Z4234886678115206,Yes,,,Apple iPhone 13,Apple,Starlight,128,Unlocked,AT&T United States,No,Intune,0,2026-04-25,352146331692750,555654001484334,F7473620066,732235301571309786,8901956787065628876,D453909403908F5A7312E621,M5113LL/A,Deployed,AT&T United States
Mia Davis,mia.davis@contoso.com,2025-01-09,1Z2200122937053781,Yes,Replacement for damaged device,,Apple iPhone 13,Apple,Midnight,64,Unlocked,AT&T United States,No,Intune,0,2026-06-26,357141594987106,287869546885479,F9045966937,126738623712176317,8901144495731858378,A7BBC32D115CA8024310357D,M3791LL/A,Deployed,AT&T United States
Stephanie Taylor,stephanie.taylor@contoso.com,2024-11-07,1Z1509778342822942,Yes,New hire,,Apple iPhone 15,Apple,Pink,64,Unlocked,T-Mobile United States,No,Intune,0,2026-07-12,358921449129457,736162394177697,F2983524522,409595102586595402,8901279646520900671,C7E166E3FF71D4015F09058E,M4935LL/A,Deployed,T-Mobile United States
Karen Moore,karen.moore@contoso.com,2025-12-21,1Z6290661095248849,Yes,New hire,,Samsung Galaxy Tab S9,Samsung,Graphite,64,Unlocked,AT&T United States,No,Intune,0,2025-11-06,352736496365063,538850070614868,F4966818618,965443817798119288,8901387960304156753,6828E25C9307B36EEEECDE56,M4353LL/A,Deployed,AT&T United States
Sofia Singh,sofia.singh@contoso.com,,1Z9017075429111836,Yes,,,Apple iPhone 14,Apple,Starlight,64,Unlocked,Rogers Canada,No,Intune,0,2025-12-20,356252066320465,212229295963552,F4407845787,433900602452894084,8901700746128977028,0912FDDC0D36D15B9F3204AF,M4152LL/A,Deployed,Rogers Canada
Richard Cohen,richard.cohen@contoso.com,2026-08-13,1Z2529741305561169,Yes,,,Samsung Galaxy S23,Samsung,Cream,64,Unlocked,AT&T United States,No,Intune,0,2025-11-07,351881392195705,139572879632320,F3039641939,729674238100972065,8901769409444356619,3C87B498CADC3379C788E847,M7404LL/A,Deployed,AT&T United States
Mia Miller,mia.miller@contoso.com,2024-10-01,1Z1862704568351861,Yes,New hire,,Apple iPhone 14,Apple,Midnight,128,Unlocked,Verizon United States,No,Intune,0,2026-05-14,351547966497843,475531052052905,F5337815589,648555531439057766,8901998403887187278,06A7BAFD0327AEC2F737E8BC,M8559LL/A,Deployed,Verizon United States
John Thomas,john.thomas@contoso.com,2025-03-29,1Z8322827071983347,Yes,New hire,,Apple iPad 10th Gen,Apple,Blue,64,Unlocked,Verizon United States,No,Intune,0,2025-03-26,351608934846913,673441455768564,F8105372696,284753031201570752,8901837557878445738,2F85F6A6247D2D527EE0938E,M2965LL/A,Deployed,Verizon United States
Joshua Carter,joshua.carter@contoso.com,2024-11-10,1Z8514116039475706,Yes,,,Apple iPhone SE,Apple,White,128,Unlocked,T-Mobile United States,No,Intune,0,2027-07-21,352970498126803,444968581346745,F9584753191,756565071126189270,8901558308421966316,250B0AEBFA7681DAFBB64C04,M4695LL/A,Deployed,T-Mobile United States
Ahmed Novak,ahmed.novak@contoso.com,2025-06-04,1Z1741134210775739,Yes,,,Apple iPhone SE,Apple,Black,128,Unlocked,Verizon United States,No,Intune,0,2025-02-04,351272289379192,405791292004004,F5913746393,347502073939853473,8901935312319885337,D7B2ABD8CC3EFFE97232245C,M8773LL/A,Deployed,Verizon United States
Ahmed Martin,ahmed.martin@contoso.com,2026-06-30,1Z6428441230002507,Yes,Replacement for damaged device,,Samsung Galaxy S23,Samsung,Phantom Black,128,Unlocked,AT&T United States,No,Intune,0,2025-02-19,357213209254656,250799210001907,F2356377619,642247524420532566,8901504301128771236,1CA88AFB59CB1E018A40B5CD,M7263LL/A,Deployed,AT&T United States
Carlos Adams,carlos.adams@contoso.com,2025-10-20,1Z7822486801733825,Yes,Replacement for damaged device,,Apple iPhone 14,Apple,Midnight,64,Unlocked,AT&T United States,No,Intune,0,2027-04-28,356622586527105,639268600253149,F1390493265,595602967008786163,8901581841884049342,FB0CD85DE88668A4E0F99296,M9416LL/A,Deployed,AT&T United States
Robert Williams,robert.williams@contoso.com,2026-02-06,1Z3078153208736341,Yes,New hire,,Apple iPhone 14,Apple,Midnight,256,Unlocked,Verizon United States,No,Intune,0,2025-07-01,359796134561496,735633584987621,F7552053783,625947239548106309,8901743884787598353,9EA565104AA4B8377D9E3BB2,M3140LL/A,Deployed,Verizon United States
Richard Sanchez,richard.sanchez@contoso.com,2025-04-24,1Z5866882042756642,Yes,Replacement for damaged device,,Samsung Galaxy S23,Samsung,Cream,64,Unlocked,Verizon United States,No,Intune,0,2027-11-11,354547533401743,404463518778291,F3685760051,327564215784124253,8901143993137772513,3958289B1E054C8A28605C20,M9647LL/A,Deployed,Verizon United States
Andrew Robinson,andrew.robinson@contoso.com,2025-01-30,1Z1131008812848850,Yes,Replacement for damaged device,,Samsung Galaxy S24,Samsung,Marble Grey,256,Unlocked,Verizon United States,No,Intune,0,2026-11-05,353954979282564,957216236682455,F1715110804,938004244980480472,8901102225728520419,8C6D5CDE04A7083D05476E17,M9503LL/A,Deployed,Verizon United States
Mateo Adams,mateo.adams@contoso.com,2026-04-05,1Z1810481800466342,Yes,,,Apple iPhone 13,Apple,Starlight,256,Unlocked,AT&T United States,No,Intune,0,2026-06-01,352956760229442,557332924223021,F3629320728,695089623208435052,8901102984136066971,DB1A8E44F477461494639E57,M2512LL/A,Deployed,AT&T United States
Carlos Thompson,carlos.thompson@contoso.com,2026-04-15,1Z5141790408780095,Yes,,,Apple iPad 10th Gen,Apple,Silver,128,Unlocked,Verizon United States,No,Intune,0,2027-03-07,354545471760786,709984178532429,F9305688531,876209156775092853,8901925350100575170,FD2E93ED8B1774D44CDA028A,M2346LL/A,Deployed,Verizon United States
Michael Johnson,michael.johnson@contoso.com,2025-05-09,1Z5014235147164347,Yes,,,Samsung Galaxy S23,Samsung,Cream,128,Unlocked,Verizon United States,No,Intune,0,2025-07-16,351889232736785,458419681590640,F1941105018,236898704287167803,8901845516525414758,5E8FB079A550A4D18E27E044,M5245LL/A,Deployed,Verizon United States
Barbara Wilson,barbara.wilson@contoso.com,2025-03-28,1Z7869243235523547,Yes,,,Apple iPad Air,Apple,Space Grey,128,Unlocked,Verizon United States,No,Intune,0,2026-07-23,354324382731430,562874693732995,F8026231388,113879206851889831,8901602687396017010,93231668F185EA7C60040D0D,M5102LL/A,Deployed,Verizon United States
Sarah Hall,sarah.hall@contoso.com,2024-09-17,1Z2254516181931549,Yes,,,Apple iPad 10th Gen,Apple,Blue,256,Unlocked,AT&T United States,No,Intune,0,2027-11-05,352679562717261,834779301761926,F9841448679,407826074837881461,8901677966114684881,C45DE840EC2530FA98B1D51E,M5734LL/A,Deployed,AT&T United States
Joseph Allen,joseph.allen@contoso.com,2025-01-18,1Z3048250436819430,Yes,Replacement for damaged device,,Apple iPhone 14,Apple,Starlight,128,Unlocked,Verizon United States,No,Intune,0,2026-01-30,359810466777165,450801811583085,F4810677834,402157608606994987,8901350254561159657,04741EBC7455C604FEE931F4,M1137LL/A,Deployed,Verizon United States
Olga Taylor,olga.taylor@contoso.com,2025-06-21,1Z8802734369705177,Yes,New hire,,Apple iPhone 15,Apple,Black,64,Unlocked,Rogers Canada,No,Intune,0,2025-08-23,356839872270103,135699267240320,F9888191285,498854999797276715,8901623144457794555,0E2D79BA381487DA2C42B7F3,M5333LL/A,Deployed,Rogers Canada
Noah Johnson,noah.johnson@contoso.com,,1Z8917135367055217,Yes,,,Samsung Galaxy S23,Samsung,Phantom Black,64,Unlocked,Verizon United States,No,Intune,0,2026-02-15,355263019429158,739280658320641,F3243568900,199919005905709903,8901806105187230663,16EE251359D124151192A38F,M3049LL/A,Deployed,Verizon United States
Brian Lee,brian.lee@contoso.com,2025-09-26,1Z1414364380444371,Yes,Replacement for damaged device,,Samsung Galaxy Tab S9,Samsung,Graphite,128,Unlocked,Verizon United States,No,Intune,0,2025-12-30,358553711147900,262499631663191,F2396303757,969209897793409192,8901595179571984531,DA2534F23800DA79FCD1C3B7,M5912LL/A,Deployed,Verizon United States
Omar Rivera,omar.rivera@contoso.com,2026-03-26,1Z4799740219838627,Yes,,,Apple iPhone 16,Apple,Black,64,Unlocked,Verizon United States,No,Intune,0,2027-10-03,357433890402360,561434102861609,F8438406597,399151980408757325,8901290363837261678,C1C1BA4F515EA371F0B10781,M2663LL/A,Deployed,Verizon United States
Sandra Rodriguez,sandra.rodriguez@contoso.com,2025-10-15,1Z2374887547789626,Yes,,,Google Pixel 8,Google,Obsidian,256,Unlocked,AT&T United States,No,Intune,0,2026-07-20,359959318071774,186234282781660,F8770625862,504770435093804688,8901560235801044682,82B916867126C5378BB814CC,M5416LL/A,Deployed,AT&T United States
Patricia Smith,patricia.smith@contoso.com,,1Z9400560786469810,Yes,,,Google Pixel 8,Google,Hazel,64,Unlocked,AT&T United States,No,Intune,0,2027-11-12,352059045223741,663621271017700,F3744964912,117345398776672164,8901644230620320229,25445D8CF93ADB044D246EF6,M3057LL/A,Deployed,AT&T United States
Robert Nguyen,robert.nguyen@contoso.com,2025-05-17,1Z7649608403363239,Yes,Replacement for damaged device,,Samsung Galaxy S24,Samsung,Marble Grey,128,Unlocked,Verizon United States,No,Intune,0,2025-12-02,353650469255964,389104371576073,F5668116847,834639522127984823,8901984568163365240,6650BC24F84B241F0466B04D,M5528LL/A,Deployed,Verizon United States
Raj Nelson,raj.nelson@contoso.com,,1Z4864399696578114,Yes,,,Samsung Galaxy Tab S9,Samsung,Graphite,64,Unlocked,Verizon United States,No,Intune,0,2026-09-21,352411113357279,479834990615652,F3281471258,387166961420235214,8901760633303049589,DFDABE67801D04D549999D27,M9236LL/A,Deployed,Verizon United States
Noah Torres,noah.torres@contoso.com,2025-09-15,1Z2766070413022505,Yes,Replacement for damaged device,,Apple iPhone 15,Apple,Pink,128,Unlocked,AT&T United States,No,Intune,0,2025-06-18,358127090857777,917636369335645,F4324869428,309537534570705830,8901378245962264399,B54EC3231E53A5DA0780B3EE,M7577LL/A,Deployed,AT&T United States
Ethan Sanchez,ethan.sanchez@contoso.com,2026-01-31,1Z1476223332592747,Yes,,,Apple iPhone SE,Apple,White,64,Unlocked,Bell Canada,No,Intune,0,2026-02-19,359736993058751,170347970089437,F1611077723,941610544206702187,8901886855186359688,725C5C5F983C96861AE38BAA,M1810LL/A,Deployed,Bell Canada
Mary Lopez,mary.lopez@contoso.com,2024-12-11,1Z8409645752037281,Yes,New hire,,Apple iPhone 15,Apple,Blue,64,Unlocked,Rogers Canada,No,Intune,0,2027-04-30,356236466461059,978960957954542,F1501551011,964936066604353262,8901218179243003443,6350EFF7C1F6AFECA15E0655,M3549LL/A,Deployed,Rogers Canada
Jessica Torres,jessica.torres@contoso.com,2025-09-09,1Z1084898280373649,Yes,,,Samsung Galaxy Tab S9,Samsung,Graphite,128,Unlocked,Verizon United States,No,Intune,0,2025-06-07,356010715066829,483624063172263,F8027135747,703996547080534438,8901480212939618371,1E8FADA4B4C77A962A67F030,M1370LL/A,Deployed,Verizon United States
Ava Scott,ava.scott@contoso.com,2025-10-31,1Z4843837270467242,Yes,,,Apple iPhone 14,Apple,Blue,256,Unlocked,AT&T United States,No,Intune,0,2027-11-15,359293596722530,977294791882500,F4266119897,361364542742599968,8901629151204652485,2139298B2795BF89D5B4C4A4,M4322LL/A,Deployed,AT&T United States
Emily Clark,emily.clark@contoso.com,2024-10-12,1Z8911082572734549,Yes,New hire,,Apple iPad 10th Gen,Apple,Blue,128,Unlocked,AT&T United States,No,Intune,0,2025-08-06,353125041988324,304981639122474,F3299842617,490665146381615183,8901422903364819381,B90914D8AC79FD5503D21514,M9995LL/A,Deployed,AT&T United States
Linda Chen,linda.chen@contoso.com,2025-10-10,1Z2677347783264067,Yes,,,Samsung Galaxy S24,Samsung,Marble Grey,64,Unlocked,Verizon United States,No,Intune,0,2025-09-06,355521103044369,758742287080920,F2259113584,985481037044653056,8901988719091285285,AB3C5A669A3B2264626B6E7A,M7265LL/A,Deployed,Verizon United States
Karen Moore,karen.moore@contoso.com,2024-12-31,1Z6206738369499269,Yes,Replacement for damaged device,,Samsung Galaxy S24,Samsung,Marble Grey,128,Unlocked,Verizon United States,No,Intune,0,2025-10-18,351349920261908,462375364851526,F8226879852,603746750108440491,8901928435002763012,E507B98168151F14D6B6FB16,M5885LL/A,Deployed,Verizon United States
Leila Wright,leila.wright@contoso.com,2025-05-23,1Z8041559766614440,Yes,,,Samsung Galaxy S23,Samsung,Phantom Black,64,Unlocked,AT&T United States,No,Intune,0,2026-08-01,354826857290804,338559012950198,F6143759997,847989801000044102,8901942237515383904,89C70E189EB880961CCD3552,M4639LL/A,Deployed,AT&T United States
Karen Williams,karen.williams@contoso.com,2026-05-09,1Z8291234447183124,Yes,,,Apple iPhone 14,Apple,Starlight,128,Unlocked,AT&T United States,No,Intune,0,2025-02-01,351413263431060,152747475334114,F5338857120,223520463035050091,8901213641172591700,6086CE8D123EA2FBE95E1741,M8803LL/A,Deployed,AT&T United States
