Device,ESN/IMEI,Serial#,Value,Condition,Powers Up,Damaged Screen,Lock Type,Data Cleared,Order,Device ID,Date
Samsung Galaxy S22,358109419858438,F2052559186,132.96,Good,Yes,No,None,Yes,70001,910000,2025-10-04
Apple iPhone 12,355860876714077,F9212338132,108.41,Good,Yes,No,None,Yes,70001,910001,2025-04-09
Apple iPhone 14,356626932344131,F3029194467,188.51,Fair,Yes,No,None,Yes,70001,910002,2025-02-22
Apple iPhone 12,352734338632005,F1575467238,82.38,Fair,Yes,No,None,Yes,70001,910003,2026-03-25
Samsung Galaxy S21,351801610513481,F2983672651,117.79,Excellent,Yes,No,None,Yes,70001,910004,2025-04-07
Apple iPhone 13,355929641922846,F7281716024,63.14,Poor,Yes,Yes,None,Yes,70001,910005,2026-01-27
Apple iPhone 11,353153770815575,F6848258538,0,Excellent,Yes,No,iCloud Lock,Yes,70002,910006,2026-03-08
Samsung Galaxy S21,352076845625478,F1929916407,0,Broken,No,Yes,None,Yes,70002,910007,2025-06-22
Samsung Galaxy S21,356307894687874,F6072647985,117.07,Excellent,Yes,Yes,None,Yes,70002,910008,2025-10-07
Apple iPhone 13,358932347194351,F5491218283,63.03,Poor,Yes,Yes,None,Yes,70002,910009,2024-11-11
Apple iPhone 14,354660764940259,F7016762718,175.23,Fair,Yes,No,None,Yes,70002,910010,2026-07-12
Apple iPhone 12,351917436717576,F3918101563,128.06,Good,Yes,No,None,Yes,70002,910011,2025-11-15
Apple iPad 9th Gen,359341448358243,F9181077260,99.6,Good,Yes,No,None,Yes,70003,910012,2025-07-22
Apple iPad 9th Gen,352015546012897,F8459264626,115.72,Excellent,Yes,No,None,Yes,70003,910013,2026-03-27
Samsung Galaxy S22,355243546320825,F7558280812,124.49,Good,Yes,No,None,Yes,70003,910014,2025-06-04
Apple iPad 9th Gen,354084542706463,F5927294039,90.36,Good,Yes,No,None,Yes,70003,910015,2026-02-19
Apple iPad 9th Gen,352874718091027,F2816489363,88.72,Good,Yes,No,None,Yes,70003,910016,2026-07-25
Samsung Galaxy S21,355095480921239,F5434046660,0,Good,Yes,No,iCloud Lock,Yes,70003,910017,2026-01-10
Samsung Galaxy S21,351520494976754,F4858979878,0,Excellent,Yes,No,iCloud Lock,No,70004,910018,2026-06-06
Apple iPad 9th Gen,354243843375689,F8209567608,0,Fair,Yes,No,MDM Lock,Yes,70004,910019,2025-01-02
Apple iPhone 14,351342564329014,F4958203860,189.5,Fair,Yes,No,None,Yes,70004,910020,2025-05-18
Apple iPhone 14,356119742313231,F3505265275,72.17,Poor,Yes,Yes,None,Yes,70004,910021,2026-02-13
Apple iPhone 12,353810800843571,F7713898959,128.47,Good,Yes,No,None,Yes,70004,910022,2025-07-06
Samsung Galaxy S21,355575536448628,F1261415673,115.31,Excellent,Yes,No,None,Yes,70004,910023,2026-07-21
Apple iPad 9th Gen,354958262094770,F5841375446,0,Broken,No,No,None,No,70005,910024,2026-03-21
Apple iPhone 12,354910085040410,F5500086353,0,Fair,Yes,No,iCloud Lock,Yes,70005,910025,2026-01-14
Apple iPhone 11,358980786447669,F4706611053,88.11,Excellent,Yes,No,None,Yes,70005,910026,2025-05-30
Samsung Galaxy S21,359894879720470,F7162629786,85.78,Good,Yes,No,None,Yes,70005,910027,2026-03-23
Apple iPhone 13,354022988861560,F3555599455,52.26,Poor,Yes,Yes,None,Yes,70005,910028,2025-11-16
Apple iPad 9th Gen,351573892226685,F6495379869,0,Poor,Yes,Yes,iCloud Lock,Yes,70005,910029,2026-06-22
Apple iPhone 12,354626014398031,F1744374366,0,Good,Yes,No,Carrier Lock,Yes,70006,910030,2025-01-08
Apple iPhone 11,352993119858661,F4132686469,69.57,Good,Yes,No,None,Yes,70006,910031,2024-12-05
Apple iPhone 12,354662676675105,F3679121703,0,Poor,Yes,No,iCloud Lock,Yes,70006,910032,2025-04-16
Apple iPhone 13,351470459566332,F3770724107,56.66,Poor,Yes,Yes,None,Yes,70006,910033,2025-08-03
Apple iPad 9th Gen,357908877710434,F1242415839,94.93,Good,Yes,No,None,Yes,70006,910034,2025-12-17
Apple iPhone 12,357751752530505,F9988966037,143.34,Excellent,Yes,No,None,Yes,70006,910035,2026-07-31
Apple iPad 9th Gen,352757625515222,F7363499049,109.82,Excellent,Yes,No,None,Yes,70007,910036,2026-01-08
Apple iPad 9th Gen,359950080686707,F7007120883,0,Broken,No,Yes,None,Yes,70007,910037,2025-03-26
Samsung Galaxy S22,351464838162781,F9609302596,180.49,Excellent,Yes,No,None,Yes,70007,910038,2026-04-30
Apple iPhone 13,352104261409443,F6720316160,171.72,Good,Yes,Yes,None,Yes,70007,910039,2025-06-03
Samsung Galaxy S22,358768957401911,F7834494247,40.8,Poor,Yes,No,None,Yes,70007,910040,2026-07-13
Apple iPhone 12,359826559047674,F3341857514,0,Good,Yes,No,iCloud Lock,Yes,70007,910041,2025-09-26
Samsung Galaxy S22,351133011388395,F7625981516,0,Broken,No,Yes,None,Yes,70008,910042,2026-08-12
Apple iPhone 14,358565834816152,F2521664633,75.75,Poor,Yes,Yes,None,Yes,70008,910043,2024-12-29
Apple iPhone 12,352006203193212,F8663887985,131.04,Good,Yes,No,None,Yes,70008,910044,2026-05-09
Apple iPhone 12,359408660062891,F5874683426,0,Broken,No,No,None,Yes,70008,910045,2026-04-05
Apple iPhone 13,356612984937871,F8460847069,171.79,Good,Yes,No,None,Yes,70008,910046,2025-04-22
Samsung Galaxy S21,354227810875098,F2742618570,92.49,Good,Yes,No,None,No,70008,910047,2026-02-01
Apple iPhone 12,351226113359714,F5062025447,88.78,Fair,Yes,No,None,Yes,70009,910048,2025-08-08
Apple iPhone 11,358347207813413,F2694016689,76.15,Good,Yes,No,None,Yes,70009,910049,2025-03-18
Apple iPhone 14,351927022062384,F6846766925,0,Good,Yes,No,iCloud Lock,Yes,70009,910050,2025-08-19
Samsung Galaxy S22,352485029001264,F3469266124,154.7,Excellent,Yes,No,None,Yes,70009,910051,2026-05-06
Samsung Galaxy S21,352525115597238,F6249278045,0,Good,Yes,No,iCloud Lock,Yes,70009,910052,2026-01-04
Apple iPhone 11,355940930266744,F2718988851,0,Broken,Yes,No,None,Yes,70009,910053,2024-12-27
Apple iPhone 14,357227442273911,F1044338542,0,Broken,No,Yes,None,Yes,70010,910054,2025-04-27
Apple iPhone 12,353579810910459,F4682460683,0,Good,Yes,No,iCloud Lock,Yes,70010,910055,2025-05-22
Apple iPad 9th Gen,355555316265569,F7164449870,0,Good,Yes,No,Carrier Lock,Yes,70010,910056,2025-02-10
Apple iPhone 14,359088267926597,F6062379674,277.27,Good,Yes,No,None,Yes,70010,910057,2026-04-20
Apple iPhone 13,358421839406345,F2255494061,0,Good,Yes,No,Carrier Lock,Yes,70010,910058,2025-08-12
Apple iPhone 14,359998386354528,F7659256649,0,Poor,Yes,Yes,iCloud Lock,Yes,70010,910059,2026-03-22
Samsung Galaxy S21,353967316475063,F6236392677,56.66,Fair,Yes,No,None,Yes,70011,910060,2025-01-19
Apple iPad 9th Gen,354456573060743,F6392453535,101.39,Good,Yes,No,None,No,70011,910061,2025-04-19
Apple iPhone 13,358353571628753,F5473047116,54.34,Poor,Yes,No,None,Yes,70011,910062,2026-04-13
Apple iPhone 14,354995775164952,F9098746608,192.87,Fair,Yes,No,None,Yes,70011,910063,2025-04-28
Apple iPhone 11,351574658391465,F6241468593,73.3,Good,Yes,No,None,Yes,70011,910064,2026-01-12
Apple iPhone 11,354905386274533,F7539303689,75.41,Good,Yes,No,None,Yes,70011,910065,2025-12-11
Samsung Galaxy S22,357184135028362,F9067968378,140.13,Good,Yes,No,None,Yes,70012,910066,2026-02-22
Apple iPhone 12,357468509127196,F8125872890,83.38,Fair,Yes,No,None,Yes,70012,910067,2025-11-17
Apple iPad 9th Gen,359364246135758,F4621186982,60.19,Fair,Yes,Yes,None,Yes,70012,910068,2025-10-09
Apple iPhone 11,351358136100316,F6309386587,0,Fair,Yes,No,iCloud Lock,Yes,70012,910069,2024-12-05
Apple iPhone 13,355322924080174,F1907415046,54.82,Poor,Yes,Yes,None,Yes,70012,910070,2025-06-05
Apple iPhone 11,354217513071156,F4156352400,24.32,Poor,Yes,Yes,None,Yes,70012,910071,2026-03-02
Samsung Galaxy S21,359939768792012,F7145702684,63.78,Fair,Yes,No,None,Yes,70013,910072,2026-07-06
Apple iPad 9th Gen,356356701896102,F8541700116,30.44,Poor,Yes,No,None,Yes,70013,910073,2025-09-19
Apple iPad 9th Gen,353444429313162,F4558104786,0,Broken,No,No,None,Yes,70013,910074,2026-08-26
Apple iPad 9th Gen,358789882208084,F5422697684,66.59,Fair,Yes,No,None,Yes,70013,910075,2025-01-02
Apple iPad 9th Gen,359345185150653,F3496897808,131.09,Excellent,Yes,No,None,Yes,70013,910076,2026-07-24
Apple iPhone 11,358362235020092,F8311872268,46.13,Fair,Yes,No,None,Yes,70013,910077,2025-06-27
Apple iPhone 14,358441176411625,F2127061808,0,Excellent,Yes,No,Carrier Lock,Yes,70014,910078,2024-12-01
Apple iPhone 12,355178019986753,F9408005266,85.22,Fair,Yes,No,None,No,70014,910079,2026-07-09
Samsung Galaxy S22,358908832436713,F1771514551,173.76,Excellent,Yes,No,None,Yes,70014,910080,2026-01-24
Apple iPhone 12,355780295762326,F4377346239,139.87,Excellent,Yes,No,None,Yes,70014,910081,2025-01-17
Apple iPhone 14,357794662229842,F8018052519,188.67,Fair,Yes,No,None,Yes,70014,910082,2025-06-16
Samsung Galaxy S22,351914489326842,F5737160587,182.37,Excellent,Yes,No,None,Yes,70014,910083,2026-06-18
Samsung Galaxy S22,354513289573341,F9330013423,85.89,Fair,Yes,No,None,Yes,70015,910084,2024-12-26
Samsung Galaxy S21,354577913590013,F9723455784,0,Broken,No,No,None,Yes,70015,910085,2026-08-18
Apple iPad 9th Gen,358296916945805,F3363382168,0,Broken,Yes,No,None,Yes,70015,910086,2025-09-03
Apple iPad 9th Gen,353591830842412,F9443651533,70.63,Fair,Yes,No,None,Yes,70015,910087,2026-08-25
Apple iPhone 14,352978628825380,F1473213875,158.48,Fair,Yes,No,None,Yes,70015,910088,2025-03-16
Apple iPhone 11,359023514506399,F9833968573,0,Fair,Yes,No,iCloud Lock,Yes,70015,910089,2026-01-06
Apple iPhone 12,354236906228989,F8052014296,77.85,Fair,Yes,No,None,Yes,70016,910090,2026-03-12
Apple iPhone 11,356244767548684,F9061246812,95.59,Excellent,Yes,No,None,Yes,70016,910091,2026-06-23
Apple iPhone 11,354212673998569,F7233497275,0,Broken,Yes,No,None,Yes,70016,910092,2024-12-31
Apple iPhone 12,356165790015825,F6335565073,76.43,Fair,Yes,No,None,Yes,70016,910093,2025-09-12
Apple iPhone 11,352394807376456,F8796020741,68.48,Good,Yes,No,None,Yes,70016,910094,2025-08-13
Samsung Galaxy S22,359976047261795,F3348420917,176.86,Excellent,Yes,No,None,Yes,70016,910095,2026-06-07
Apple iPhone 14,358230148228448,F1546204415,0,Broken,Yes,Yes,None,Yes,70017,910096,2026-02-18
Samsung Galaxy S21,352295299031268,F5850511723,0,Poor,No,Yes,None,Yes,70017,910097,2026-03-12
Apple iPad 9th Gen,354269572081876,F2661944424,27.3,Poor,Yes,Yes,None,Yes,70017,910098,2026-07-28
Apple iPhone 12,358179396065088,F1759868680,148.61,Excellent,Yes,No,None,Yes,70017,910099,2026-06-28
Samsung Galaxy S21,355361746141599,F6219829416,0,Fair,Yes,No,Carrier Lock,Yes,70017,910100,2025-12-15
Samsung Galaxy S21,351216611643356,F2293248488,56.72,Fair,Yes,No,None,Yes,70017,910101,2024-12-21
Samsung Galaxy S21,355345704167607,F5705762224,0,Broken,No,Yes,iCloud Lock,Yes,70018,910102,2025-05-14
Apple iPad 9th Gen,356094116822029,F2277713449,59.53,Fair,Yes,No,None,Yes,70018,910103,2026-02-21
Apple iPhone 14,356367817525361,F3840412106,292.31,Excellent,Yes,No,None,Yes,70018,910104,2026-06-01
Apple iPhone 11,356654306003211,F7629557099,76.49,Good,Yes,No,None,Yes,70018,910105,2026-05-08
Apple iPhone 14,356218966942016,F4902367397,164.02,Fair,Yes,No,None,Yes,70018,910106,2026-08-27
Apple iPhone 12,358530910015245,F4437690152,141.96,Excellent,Yes,No,None,Yes,70018,910107,2026-07-29
Apple iPhone 14,351600507099066,F8977070713,0,Excellent,No,No,Carrier Lock,Yes,70019,910108,2024-11-05
Apple iPhone 11,358188124641817,F2756814072,64.84,Good,Yes,No,None,Yes,70019,910109,2025-10-08
Apple iPhone 14,356110028582794,F5323861958,0,Good,Yes,No,Carrier Lock,Yes,70019,910110,2026-03-18
Apple iPhone 13,359479099401104,F2738191271,210.34,Excellent,Yes,Yes,None,Yes,70019,910111,2026-03-23
Apple iPhone 12,352092423264699,F6264580840,0,Fair,Yes,No,MDM Lock,Yes,70019,910112,2025-05-03
Apple iPhone 11,354403694061956,F6196769550,96.04,Excellent,Yes,Yes,None,Yes,70019,910113,2025-05-08
Apple iPad 9th Gen,356039923162772,F6458618273,0,Good,No,No,None,Yes,70020,910114,2026-05-02
Apple iPhone 14,359275701644975,F7071103164,73.05,Poor,Yes,Yes,None,Yes,70020,910115,2025-01-13
Apple iPad 9th Gen,352577787503239,F3823554228,0,Good,Yes,No,Carrier Lock,Yes,70020,910116,2025-01-20
Apple iPhone 13,357231116158467,F3185637929,187.86,Good,Yes,No,None,Yes,70020,910117,2025-01-20
Samsung Galaxy S22,355584670965044,F2570864585,0,Fair,Yes,No,iCloud Lock,Yes,70020,910118,2025-12-13
Apple iPhone 11,355323261819879,F4440953395,47.37,Fair,Yes,No,None,Yes,70020,910119,2025-09-16
Apple iPhone 11,354131673734512,F3317683108,0,Fair,No,No,MDM Lock,Yes,70021,910120,2025-12-09
Apple iPad 9th Gen,358024653873996,F4194352477,0,Good,No,No,None,Yes,70021,910121,2024-11-13
Apple iPhone 12,357725494852947,F3578325358,110.17,Good,Yes,No,None,Yes,70021,910122,2025-10-17
Samsung Galaxy S22,356276231699882,F9678690201,0,Good,Yes,No,Carrier Lock,Yes,70021,910123,2026-01-17
Apple iPhone 14,351751485365069,F3562295321,318.91,Excellent,Yes,Yes,None,Yes,70021,910124,2025-03-01
Samsung Galaxy S21,355964892350109,F4717950116,0,Fair,Yes,No,iCloud Lock,Yes,70021,910125,2025-03-29
Apple iPad 9th Gen,357030336143319,F2715155243,91.69,Good,Yes,No,None,Yes,70022,910126,2026-07-02
Samsung Galaxy S22,353795971261785,F1630243755,141,Good,Yes,No,None,Yes,70022,910127,2026-02-25
Samsung Galaxy S22,359449473123490,F4318186851,177.18,Excellent,Yes,No,None,Yes,70022,910128,2025-01-21
Apple iPhone 14,356963872594903,F4131867260,85.17,Poor,Yes,Yes,None,Yes,70022,910129,2026-03-13
Apple iPad 9th Gen,355364459016362,F5306890260,0,Good,Yes,No,iCloud Lock,Yes,70022,910130,2025-11-29
Apple iPhone 11,351105005183046,F2723504965,49.36,Fair,Yes,No,None,Yes,70022,910131,2025-12-08
Apple iPhone 12,353272226750285,F9966732169,135.25,Excellent,Yes,No,None,Yes,70023,910132,2024-11-09
Samsung Galaxy S21,351771318752760,F3544189136,0,Fair,Yes,No,iCloud Lock,Yes,70023,910133,2025-07-01
Samsung Galaxy S22,359095767499329,F8546155028,161.92,Excellent,Yes,No,None,Yes,70023,910134,2025-11-11
Apple iPhone 12,357906175023073,F1178928449,0,Poor,Yes,No,iCloud Lock,Yes,70023,910135,2024-12-15
Apple iPhone 12,359675608548166,F9308376961,0,Poor,Yes,No,Carrier Lock,Yes,70023,910136,2025-08-07
Samsung Galaxy S22,354961374513244,F3206731507,98.12,Fair,Yes,No,None,Yes,70023,910137,2026-05-29
Apple iPhone 11,355983069853542,F8925366753,48.02,Fair,Yes,No,None,Yes,70024,910138,2025-12-21
Apple iPhone 12,351921249188677,F7044742221,34.87,Poor,Yes,Yes,None,Yes,70024,910139,2025-12-24
Apple iPhone 11,351182311246877,F6567706517,22.15,Poor,Yes,No,None,Yes,70024,910140,2026-01-06
Apple iPhone 14,357423140633086,F1116707771,292.02,Excellent,Yes,No,None,Yes,70024,910141,2024-11-05
Apple iPhone 11,356558090932982,F2817830936,66.1,Good,Yes,No,None,Yes,70024,910142,2025-01-03
Apple iPhone 13,356408765691205,F2139662215,218.28,Excellent,Yes,No,None,Yes,70024,910143,2025-11-10
Apple iPhone 12,356613755963233,F8398862537,164.63,Excellent,Yes,No,None,Yes,70025,910144,2025-01-21
Apple iPad 9th Gen,356286832996270,F6217560973,64.65,Fair,Yes,No,None,Yes,70025,910145,2026-05-22
Apple iPhone 12,357964117697837,F5324669454,114.33,Good,Yes,No,None,Yes,70025,910146,2025-05-10
Apple iPhone 12,355296107005122,F4674510667,0,Broken,No,No,iCloud Lock,Yes,70025,910147,2025-05-10
Apple iPhone 12,359429726311591,F3931797751,141.51,Excellent,Yes,No,None,No,70025,910148,2025-12-20
Apple iPhone 13,359095859381418,F3803500437,170.51,Good,Yes,No,None,Yes,70025,910149,2025-07-01
Samsung Galaxy S21,353476700216576,F1200721431,0,Broken,Yes,Yes,None,Yes,70026,910150,2026-06-13
Apple iPhone 11,354322659058968,F4428999893,0,Good,No,No,None,Yes,70026,910151,2025-06-06
Apple iPhone 13,351161525593534,F7370602194,171.1,Good,Yes,No,None,Yes,70026,910152,2025-10-03
Apple iPad 9th Gen,358786457798008,F6684850729,0,Good,Yes,No,iCloud Lock,Yes,70026,910153,2025-01-11
Apple iPhone 12,354754857355443,F3892379719,86.07,Fair,Yes,No,None,Yes,70026,910154,2026-08-03
Samsung Galaxy S22,354582940504905,F5033976938,42.22,Poor,Yes,Yes,None,Yes,70026,910155,2024-12-05
Apple iPhone 14,351062031997222,F2552657410,277.79,Good,Yes,No,None,Yes,70027,910156,2025-10-10
Samsung Galaxy S21,352491589158954,F9751397719,81.58,Good,Yes,No,None,Yes,70027,910157,2024-12-25
Apple iPhone 12,357454299087035,F3174711824,40.26,Poor,Yes,Yes,None,Yes,70027,910158,2025-11-16
Samsung Galaxy S21,351241204938275,F4619668030,0,Broken,No,Yes,None,Yes,70027,910159,2026-04-05
Samsung Galaxy S22,358099339720934,F8711457130,0,Broken,No,No,None,Yes,70027,910160,2025-08-17
Samsung Galaxy S21,354830790043390,F4391278116,89.52,Good,Yes,No,None,Yes,70027,910161,2026-04-03
