Wireless number,Wireless number status,Owner,Owner -> Email,Owner -> Do Not Change,Current device ID,Current device,Ordered device ID,Ordered device,Chargeback date,Number of Days Left,Full retail price,Purchase price,Chargeback amount,Email sent,Reminder,2nd Reminder,Contacted via Teams,Activation confirmed
9172344504,Active,Betty Rodriguez,betty.rodriguez@contoso.com,No,351770509805719,Apple iPhone 15,359420891869248,Apple iPhone 16,2026-01-09,0,829.99,0.99,829,Yes,Yes,No,No,Yes
6312259371,Active,Robert Martin,robert.martin@contoso.com,No,354384799954458,Apple iPhone 16,353180319358806,Apple iPhone 16,2025-03-24,0,829.99,0.99,829,Yes,Yes,No,Yes,Yes
6318279731,Active,Anthony Miller,anthony.miller@contoso.com,No,353467073777384,Samsung Galaxy S23,352176646129796,Apple iPhone 16,2026-01-11,0,829.99,199.99,630,Yes,Yes,Yes,No,Yes
6464087152,Active,Jennifer Davis,jennifer.davis@contoso.com,No,351087506770983,Apple iPhone 14,353711175481957,Apple iPhone 16,2024-11-18,0,829.99,199.99,630,Yes,Yes,No,No,Yes
6318781684,Active,Joshua Baker,joshua.baker@contoso.com,No,351854718531073,Samsung Galaxy S24,358809574786688,Apple iPhone 16,2025-11-18,0,829.99,0.99,829,Yes,Yes,No,Yes,Yes
9176532071,Active,Joshua Anderson,joshua.anderson@contoso.com,No,351614303036118,Apple iPhone SE,354001488579048,Apple iPhone 16,2026-07-31,0,829.99,0.99,829,Yes,Yes,Yes,No,Yes
2017741435,Active,Carlos Adams,carlos.adams@contoso.com,No,356078551885656,Samsung Galaxy S24,358816358604325,Apple iPhone 15,2026-01-26,0,729.99,0.99,729,Yes,Yes,No,Yes,Yes
9734934664,Active,Olga Walker,olga.walker@contoso.com,No,353103507431853,Apple iPhone 15,352908088609915,Apple iPhone 16,2024-08-26,0,829.99,199.99,630,Yes,Yes,Yes,No,Yes
2015288672,Active,Mateo Adams,mateo.adams@contoso.com,No,354473844929691,Samsung Galaxy S24,359371718636323,Apple iPhone 15,2025-11-01,0,729.99,199.99,530,Yes,Yes,Yes,Yes,Yes
2014370774,Active,Daniel Campbell,daniel.campbell@contoso.com,No,359024576438194,Apple iPhone 14,357405026819950,Apple iPhone 15,2024-08-06,0,729.99,0.99,729,Yes,No,No,No,Yes
9739399635,Active,Ethan Campbell,ethan.campbell@contoso.com,No,356227972763562,Apple iPhone 16,352704127086101,Apple iPhone 15,2025-01-08,0,729.99,0.99,729,Yes,No,No,No,Yes
9176607719,Active,Andrew Martinez,andrew.martinez@contoso.com,No,354726047361480,Apple iPhone SE,356836958257669,Samsung Galaxy S24,2025-07-28,0,799.99,0.99,799,Yes,Yes,No,No,Yes
9173539686,Active,Liam Adams,liam.adams@contoso.com,No,354722057477254,Apple iPhone 14,352868420447004,Apple iPhone 16,2024-09-02,0,829.99,0.99,829,Yes,Yes,No,No,Yes
2126770606,Active,Chloe Cohen,chloe.cohen@contoso.com,No,358186415912609,Apple iPhone 13,357313455404438,Apple iPhone 16,2026-03-27,0,829.99,0.99,829,Yes,No,Yes,No,Yes
9179890903,Active,Stephanie Baker,stephanie.baker@contoso.com,No,352571729451558,Apple iPhone 14,354307303628339,Apple iPhone 15,2024-12-06,0,729.99,0.99,729,Yes,Yes,No,No,Yes
9736729005,Active,Karen Singh,karen.singh@contoso.com,No,352184000872598,Apple iPhone 15,356111325235792,Apple iPhone 16,2026-02-17,0,829.99,199.99,630,Yes,Yes,No,No,Yes
2015764508,Active,Yuki Flores,yuki.flores@contoso.com,No,359160898866324,Samsung Galaxy S23,357787728472581,Apple iPhone 16,2026-03-11,0,829.99,0.99,829,Yes,Yes,No,Yes,Yes
9738064238,Active,Joshua Carter,joshua.carter@contoso.com,No,358437708722847,Apple iPhone 14,356346264298593,Apple iPhone 15,2024-09-13,0,729.99,199.99,530,Yes,Yes,Yes,No,Yes
2018254466,Active,Ava Carter,ava.carter@contoso.com,No,355488662919909,Apple iPhone 15,355755967470734,Apple iPhone 15,2026-04-05,0,729.99,0.99,729,Yes,No,No,No,Yes
6464673869,Active,Carlos Miller,carlos.miller@contoso.com,No,351583522908756,Apple iPhone 16,354180358508220,Apple iPhone 16,2024-10-06,0,829.99,0.99,829,Yes,Yes,No,No,Yes
2128802750,Active,Paul King,paul.king@contoso.com,No,358310223370093,Apple iPhone 16,353940867236179,Samsung Galaxy S24,2026-02-21,0,799.99,0.99,799,Yes,Yes,No,No,Yes
9174289574,Active,John Thomas,john.thomas@contoso.com,No,354320665152352,Apple iPhone 15,354524731061988,Apple iPhone 15,2025-12-10,0,729.99,0.99,729,Yes,Yes,No,Yes,Yes
9176379975,Active,Stephanie Sanchez,stephanie.sanchez@contoso.com,No,357226084425125,Samsung Galaxy S23,356569918880170,Apple iPhone 15,2026-09-20,20,729.99,0.99,729,Yes,Yes,No,No,Yes
9173662911,Active,Thomas Hernandez,thomas.hernandez@contoso.com,No,352220577513164,Apple iPhone 15,357935588348095,Apple iPhone 15,2026-04-02,0,729.99,199.99,530,Yes,Yes,Yes,No,Yes
2122212066,Active,Thomas Perez,thomas.perez@contoso.com,No,351238370688940,Samsung Galaxy S23,357052276967824,Samsung Galaxy S24,2024-10-08,0,799.99,0.99,799,Yes,Yes,No,No,Yes
9738365511,Active,Joseph Sanchez,joseph.sanchez@contoso.com,No,358608395197411,Apple iPhone 16,358934634691334,Apple iPhone 16,2024-08-27,0,829.99,0.99,829,Yes,Yes,No,No,Yes
9733357764,Active,Ahmed Nelson,ahmed.nelson@contoso.com,No,351376431053353,Apple iPhone 15,358388832815330,Apple iPhone 16,2024-11-17,0,829.99,0.99,829,Yes,Yes,Yes,No,Yes
6318660612,Active,Joshua Kim,joshua.kim@contoso.com,No,351857374835421,Apple iPhone 15,355499580917036,Samsung Galaxy S24,2026-06-08,0,799.99,0.99,799,Yes,Yes,No,No,No
2129889126,Active,David Martinez,david.martinez@contoso.com,No,351887797248998,Apple iPhone 16,352832531488102,Apple iPhone 16,2024-10-25,0,829.99,0.99,829,Yes,Yes,No,No,Yes
6465833053,Active,Mateo White,mateo.white@contoso.com,No,359556425345323,Apple iPhone 16,353365255872495,Apple iPhone 15,2026-03-22,0,729.99,0.99,729,Yes,No,Yes,No,Yes
9732982906,Active,Kevin Carter,kevin.carter@contoso.com,No,351020734048168,Apple iPhone 16,352636887268911,Samsung Galaxy S24,2026-02-02,0,799.99,199.99,600,Yes,Yes,Yes,No,Yes
2125493102,Active,Michelle Rivera,michelle.rivera@contoso.com,No,359224784732816,Apple iPhone 14,359369464730069,Samsung Galaxy S24,2024-10-12,0,799.99,0.99,799,Yes,No,Yes,Yes,Yes
9733494468,Active,Brian Smith,brian.smith@contoso.com,No,353120017681815,Google Pixel 8,356630516013932,Apple iPhone 15,2025-11-06,0,729.99,199.99,530,Yes,Yes,No,No,Yes
9175327426,Active,Michelle King,michelle.king@contoso.com,No,359358287099405,Apple iPhone 15,351530374802880,Apple iPhone 15,2026-01-02,0,729.99,0.99,729,Yes,No,No,Yes,Yes
2018456626,Active,Chloe Wright,chloe.wright@contoso.com,No,357850545383289,Google Pixel 8,356563842476684,Apple iPhone 16,2026-02-05,0,829.99,0.99,829,Yes,Yes,No,Yes,Yes
9178750847,Active,Liam Williams,liam.williams@contoso.com,No,353529456460945,Apple iPhone SE,352457174878296,Apple iPhone 15,2025-02-10,0,729.99,199.99,530,Yes,Yes,No,Yes,Yes
6317988369,Active,Zoe Thompson,zoe.thompson@contoso.com,No,353722374708729,Apple iPhone 16,353398719068461,Apple iPhone 16,2024-10-26,0,829.99,199.99,630,Yes,No,No,No,Yes
2127471549,Active,Yuki Young,yuki.young@contoso.com,No,355835672396959,Apple iPhone 16,358582736630316,Samsung Galaxy S24,2026-04-07,0,799.99,0.99,799,Yes,Yes,No,No,Yes
9739403509,Active,John Roy,john.roy@contoso.com,No,359628878182619,Apple iPhone 15,358636465586365,Samsung Galaxy S24,2026-03-16,0,799.99,0.99,799,Yes,Yes,Yes,Yes,Yes
9174807890,Active,Chloe Campbell,chloe.campbell@contoso.com,No,356178235586239,Apple iPhone 14,357129313338855,Apple iPhone 16,2026-08-01,0,829.99,0.99,829,Yes,No,Yes,No,Yes
2012196268,Active,Hiroshi Clark,hiroshi.clark@contoso.com,No,354947265708360,Apple iPhone 13,358809902660206,Apple iPhone 16,2025-10-12,0,829.99,0.99,829,Yes,No,No,Yes,Yes
2124544925,Active,Mateo Chen,mateo.chen@contoso.com,No,357197624052053,Apple iPhone 16,358827724365642,Samsung Galaxy S24,2026-07-09,0,799.99,199.99,600,Yes,Yes,No,No,Yes
9178113788,Active,Kevin Thomas,kevin.thomas@contoso.com,No,357573654516343,Apple iPhone 14,351127976141470,Samsung Galaxy S24,2025-11-15,0,799.99,199.99,600,Yes,Yes,No,No,Yes
2129014916,Active,Karen Moore,karen.moore@contoso.com,No,353750169631374,Apple iPhone 16,353721600032094,Apple iPhone 15,2026-04-12,0,729.99,199.99,530,Yes,Yes,No,No,Yes
2017020212,Active,Brian Sanchez,brian.sanchez@contoso.com,No,353790146083913,Apple iPhone 15,356420063428572,Apple iPhone 15,2026-08-08,0,729.99,199.99,530,Yes,Yes,Yes,No,Yes
2126938858,Active,Fatima Garcia,fatima.garcia@contoso.com,No,353998796163028,Google Pixel 8,355278822091361,Apple iPhone 16,2025-10-29,0,829.99,0.99,829,Yes,Yes,Yes,Yes,No
6318196047,Active,Ashley Roberts,ashley.roberts@contoso.com,No,358181759176364,Google Pixel 8,352461682863285,Samsung Galaxy S24,2025-07-31,0,799.99,0.99,799,Yes,No,No,No,Yes
9735410870,Active,Linda Taylor,linda.taylor@contoso.com,No,352719575114329,Apple iPhone 16,355795079045774,Samsung Galaxy S24,2025-12-28,0,799.99,0.99,799,Yes,Yes,No,No,Yes
2128132738,Active,Jennifer Moore,jennifer.moore@contoso.com,No,356565729763071,Apple iPhone 15,356675987024716,Apple iPhone 15,2024-09-12,0,729.99,0.99,729,Yes,No,No,Yes,No
6462284023,Active,Ethan Mitchell,ethan.mitchell@contoso.com,No,358675069162117,Apple iPhone 15,359166066591294,Apple iPhone 15,2026-01-22,0,729.99,199.99,530,Yes,Yes,No,No,Yes
6469387287,Active,Thomas White,thomas.white@contoso.com,No,355047257999079,Samsung Galaxy S23,358371563920365,Apple iPhone 16,2025-06-04,0,829.99,0.99,829,Yes,No,Yes,No,No
2013190217,Active,David Carter,david.carter@contoso.com,No,358128322029206,Apple iPhone 16,359093767599904,Apple iPhone 15,2025-04-12,0,729.99,199.99,530,Yes,No,No,No,No
6462949643,Active,Priya Kim,priya.kim@contoso.com,No,351265436568521,Apple iPhone SE,354994362748221,Samsung Galaxy S24,2025-02-26,0,799.99,0.99,799,Yes,Yes,Yes,No,No
6318755901,Active,Robert Anderson,robert.anderson@contoso.com,No,356145452761394,Samsung Galaxy S24,352897792641639,Apple iPhone 16,2025-07-16,0,829.99,0.99,829,Yes,Yes,Yes,No,Yes
2017049359,Active,Anthony Thomas,anthony.thomas@contoso.com,No,353512308001867,Apple iPhone 14,353212751204121,Samsung Galaxy S24,2025-07-07,0,799.99,0.99,799,Yes,No,No,No,Yes
9733828335,Active,Stephanie Baker,stephanie.baker@contoso.com,No,354774892549851,Apple iPhone 15,351788981983800,Apple iPhone 16,2025-12-21,0,829.99,0.99,829,Yes,Yes,Yes,No,Yes
2126370849,Active,Daniel Hernandez,daniel.hernandez@contoso.com,No,355820700824778,Samsung Galaxy S24,358607774352507,Samsung Galaxy S24,2025-02-14,0,799.99,0.99,799,Yes,Yes,No,No,Yes
6317789809,Active,Carlos Martin,carlos.martin@contoso.com,No,354679457239375,Apple iPhone 14,355715898021593,Samsung Galaxy S24,2025-11-25,0,799.99,0.99,799,Yes,No,No,Yes,Yes
6464343322,Active,Melissa Ramirez,melissa.ramirez@contoso.com,No,353741718260778,Samsung Galaxy S23,355393042618588,Apple iPhone 15,2026-07-18,0,729.99,199.99,530,Yes,Yes,No,No,Yes
6319745690,Active,Noah Wright,noah.wright@contoso.com,No,357647274713032,Apple iPhone SE,351374490934420,Apple iPhone 16,2026-08-17,0,829.99,0.99,829,Yes,Yes,No,Yes,Yes
6466408505,Active,Mia Davis,mia.davis@contoso.com,No,356009423705186,Apple iPhone 14,352749401887145,Apple iPhone 15,2025-05-05,0,729.99,199.99,530,Yes,No,Yes,Yes,Yes
9178992955,Active,Ana Walker,ana.walker@contoso.com,No,357841160360723,Apple iPhone 16,359753571650114,Apple iPhone 15,2025-02-06,0,729.99,199.99,530,Yes,Yes,Yes,No,Yes
9175080397,Active,Raj Thomas,raj.thomas@contoso.com,No,357647681891536,Apple iPhone 16,351593767669809,Apple iPhone 16,2026-04-25,0,829.99,199.99,630,Yes,No,No,No,Yes
9178155429,Active,Wei Hall,wei.hall@contoso.com,No,353725959080818,Apple iPhone 16,352930273114184,Apple iPhone 15,2026-01-01,0,729.99,199.99,530,Yes,Yes,No,Yes,Yes
2016841915,Active,Jessica Campbell,jessica.campbell@contoso.com,No,358673807392371,Apple iPhone 16,358887049295989,Apple iPhone 15,2025-04-25,0,729.99,199.99,530,Yes,Yes,Yes,Yes,Yes
9176668524,Active,Sarah Patel,sarah.patel@contoso.com,No,353357917599678,Apple iPhone 16,358629312908612,Apple iPhone 16,2025-02-01,0,829.99,199.99,630,Yes,No,No,Yes,No
9739023744,Active,Jennifer Nguyen,jennifer.nguyen@contoso.com,No,355749034740911,Samsung Galaxy S24,352760138546364,Apple iPhone 16,2026-07-13,0,829.99,0.99,829,Yes,Yes,No,No,Yes
2012523267,Active,Mateo Kim,mateo.kim@contoso.com,No,358595724828581,Apple iPhone 15,356940872543360,Samsung Galaxy S24,2025-03-21,0,799.99,199.99,600,Yes,No,No,No,Yes
6468888102,Active,Daniel Campbell,daniel.campbell@contoso.com,No,358597631302556,Apple iPhone SE,357336828359999,Apple iPhone 15,2025-04-12,0,729.99,199.99,530,Yes,Yes,Yes,No,Yes
9176989038,Active,Chloe White,chloe.white@contoso.com,No,353464565809175,Apple iPhone 15,354088548918441,Apple iPhone 16,2026-04-06,0,829.99,0.99,829,Yes,Yes,Yes,No,Yes
9739798644,Active,Mateo Rodriguez,mateo.rodriguez@contoso.com,No,358987387240694,Apple iPhone 16,356488729324056,Apple iPhone 16,2025-06-05,0,829.99,0.99,829,Yes,Yes,No,Yes,Yes
9179782157,Active,Ethan Sanchez,ethan.sanchez@contoso.com,No,351604949358089,Samsung Galaxy S23,358423111996291,Apple iPhone 15,2025-08-21,0,729.99,199.99,530,Yes,No,No,No,Yes
