Date,Qty,Monthly Recurring Charges,Annual Saving,Lines Found
2024-07-28,16,644.73,7736.76,27
2024-08-28,22,851.23,10214.76,28
2024-09-28,34,1367.51,16410.12,40
2024-10-28,16,759.95,9119.4,29
2024-11-28,17,697.83,8373.96,38
2024-12-28,20,777.42,9329.04,30
2025-01-28,18,831,9972,37
2025-02-28,24,927.2,11126.4,38
2025-03-28,10,397.25,4767,18
2025-04-28,31,1201.36,14416.32,39
2025-05-28,15,588.32,7059.84,27
2025-06-28,27,1219.18,14630.16,42
2025-07-28,24,963.42,11561.04,33
2025-08-28,35,1377.15,16525.8,42
2025-09-28,15,665.61,7987.32,29
2025-10-28,15,628.18,7538.16,27
2025-11-28,34,1546.75,18561,41
2025-12-28,22,939.42,11273.04,36
2026-01-28,32,1523.24,18278.88,39
2026-02-28,27,1146.55,13758.6,37
2026-03-28,20,909.35,10912.2,24
2026-04-28,28,1105.9,13270.8,42
2026-05-28,18,838.77,10065.24,22
2026-06-28,15,680.4,8164.8,20
2026-07-28,14,662.92,7955.04,26
2026-08-28,15,662.14,7945.68,31
